Store,SKU,Week,Sales Units,Sales Dollars,Cost Dollars,GM Dollars,GM %
ST035,SK00158,W01,58," $6,669.42 "," $1,060.44 "," $5,608.98 ",84%
ST035,SK00158,W07,107," $12,303.93 "," $1,956.32 "," $10,347.61 ",84%
ST035,SK00158,W09,0, $-   , $-   , $-   ,0%
ST035,SK00158,W11,92," $10,579.08 "," $1,682.07 "," $8,897.01 ",84%
ST035,SK00158,W13,122," $14,028.78 "," $2,230.58 "," $11,798.20 ",84%
ST035,SK00158,W15,38," $4,369.62 ", $694.77 ," $3,674.85 ",84%
ST035,SK00158,W23,88," $10,119.12 "," $1,608.94 "," $8,510.18 ",84%
ST035,SK00158,W31,45," $5,174.55 ", $822.75 ," $4,351.80 ",84%
ST035,SK00158,W35,197," $22,653.03 "," $3,601.83 "," $19,051.20 ",84%
ST035,SK00158,W50,133," $15,293.67 "," $2,431.69 "," $12,861.98 ",84%
ST035,SK00269,W05,107," $1,068.93 ", $904.31 , $164.62 ,15%
ST035,SK00269,W06,104," $1,038.96 ", $878.96 , $160.00 ,15%
ST035,SK00269,W09,32, $319.68 , $270.45 , $49.23 ,15%
ST035,SK00269,W18,174," $1,738.26 "," $1,470.57 ", $267.69 ,15%
ST035,SK00269,W23,174," $1,738.26 "," $1,470.57 ", $267.69 ,15%
ST035,SK00269,W27,37, $369.63 , $312.71 , $56.92 ,15%
ST035,SK00269,W28,95, $949.05 , $802.90 , $146.15 ,15%
ST035,SK00269,W29,161," $1,608.39 "," $1,360.70 ", $247.69 ,15%
ST035,SK00269,W30,175," $1,748.25 "," $1,479.02 ", $269.23 ,15%
ST035,SK00269,W32,200," $1,998.00 "," $1,690.31 ", $307.69 ,15%
ST035,SK00269,W33,120," $1,198.80 "," $1,014.18 ", $184.62 ,15%
ST035,SK00269,W51,167," $1,668.33 "," $1,411.41 ", $256.92 ,15%
ST035,SK00300,W14,135," $26,998.65 "," $2,402.88 "," $24,595.77 ",91%
ST035,SK00300,W15,42," $8,399.58 ", $747.56 ," $7,652.02 ",91%
ST035,SK00300,W41,185," $36,998.15 "," $3,292.84 "," $33,705.31 ",91%
ST035,SK00300,W46,38," $7,599.62 ", $676.37 ," $6,923.25 ",91%
ST035,SK00300,W50,149," $29,798.51 "," $2,652.07 "," $27,146.44 ",91%
ST035,SK00304,W16,40," $5,599.60 ", $431.17 ," $5,168.43 ",92%
ST035,SK00304,W18,140," $19,598.60 "," $1,509.09 "," $18,089.51 ",92%
ST035,SK00304,W19,200," $27,998.00 "," $2,155.85 "," $25,842.15 ",92%
ST035,SK00304,W23,108," $15,118.92 "," $1,164.16 "," $13,954.76 ",92%
ST035,SK00304,W36,28," $3,919.72 ", $301.82 ," $3,617.90 ",92%
ST035,SK00304,W42,11," $1,539.89 ", $118.57 ," $1,421.32 ",92%
ST035,SK00304,W47,42," $5,879.58 ", $452.73 ," $5,426.85 ",92%
ST035,SK00766,W04,167," $7,513.33 "," $4,523.02 "," $2,990.31 ",40%
ST035,SK00766,W08,143," $6,433.57 "," $3,873.01 "," $2,560.56 ",40%
ST035,SK00766,W10,120," $5,398.80 "," $3,250.08 "," $2,148.72 ",40%
ST035,SK00766,W12,21, $944.79 , $568.76 , $376.03 ,40%
ST035,SK00766,W13,92," $4,139.08 "," $2,491.73 "," $1,647.35 ",40%
ST035,SK00766,W14,141," $6,343.59 "," $3,818.84 "," $2,524.75 ",40%
ST035,SK00766,W15,108," $4,858.92 "," $2,925.07 "," $1,933.85 ",40%
ST035,SK00766,W19,167," $7,513.33 "," $4,523.02 "," $2,990.31 ",40%
ST035,SK00766,W21,1, $44.99 , $27.08 , $17.91 ,40%
ST035,SK00766,W42,63," $2,834.37 "," $1,706.29 "," $1,128.08 ",40%
ST035,SK00766,W44,179," $8,053.21 "," $4,848.03 "," $3,205.18 ",40%
ST035,SK00766,W49,110," $4,948.90 "," $2,979.24 "," $1,969.66 ",40%
ST035,SK00786,W02,100," $1,499.00 ", $401.73 ," $1,097.27 ",73%
ST035,SK00786,W05,16, $239.84 , $64.28 , $175.56 ,73%
ST035,SK00786,W09,76," $1,139.24 ", $305.32 , $833.92 ,73%
ST035,SK00786,W11,66, $989.34 , $265.14 , $724.20 ,73%
ST035,SK00786,W13,143," $2,143.57 ", $574.48 ," $1,569.09 ",73%
ST035,SK00786,W17,95," $1,424.05 ", $381.65 ," $1,042.40 ",73%
ST035,SK00786,W20,39, $584.61 , $156.68 , $427.93 ,73%
ST035,SK00786,W21,6, $89.94 , $24.10 , $65.84 ,73%
ST035,SK00786,W29,174," $2,608.26 ", $699.01 ," $1,909.25 ",73%
ST035,SK00786,W35,128," $1,918.72 ", $514.22 ," $1,404.50 ",73%
ST035,SK00786,W36,166," $2,488.34 ", $666.88 ," $1,821.46 ",73%
ST035,SK00786,W41,185," $2,773.15 ", $743.20 ," $2,029.95 ",73%
ST035,SK00786,W43,47, $704.53 , $188.81 , $515.72 ,73%
ST035,SK00786,W44,87," $1,304.13 ", $349.51 , $954.62 ,73%
ST035,SK00960,W08,178," $13,348.22 "," $8,449.42 "," $4,898.80 ",37%
ST035,SK00960,W13,195," $14,623.05 "," $9,256.39 "," $5,366.66 ",37%
ST035,SK00960,W14,68," $5,099.32 "," $3,227.87 "," $1,871.45 ",37%
ST035,SK00960,W16,99," $7,424.01 "," $4,699.40 "," $2,724.61 ",37%
ST035,SK00960,W21,58," $4,349.42 "," $2,753.18 "," $1,596.24 ",37%
ST035,SK00960,W33,96," $7,199.04 "," $4,556.99 "," $2,642.05 ",37%
ST035,SK00960,W38,26," $1,949.74 "," $1,234.19 ", $715.55 ,37%
ST035,SK00960,W40,133," $9,973.67 "," $6,313.33 "," $3,660.34 ",37%
ST035,SK00960,W51,45," $3,374.55 "," $2,136.09 "," $1,238.46 ",37%
ST035,SK01183,W04,54," $2,699.46 "," $1,220.16 "," $1,479.30 ",55%
ST035,SK01183,W07,46," $2,299.54 "," $1,039.39 "," $1,260.15 ",55%
ST035,SK01183,W08,41," $2,049.59 ", $926.41 ," $1,123.18 ",55%
ST035,SK01183,W12,83," $4,149.17 "," $1,875.42 "," $2,273.75 ",55%
ST035,SK01183,W18,11, $549.89 , $248.55 , $301.34 ,55%
ST035,SK01183,W22,144," $7,198.56 "," $3,253.75 "," $3,944.81 ",55%
ST035,SK01183,W28,75," $3,749.25 "," $1,694.66 "," $2,054.59 ",55%
ST035,SK01183,W32,126," $6,298.74 "," $2,847.03 "," $3,451.71 ",55%
ST035,SK01183,W35,4, $199.96 , $90.38 , $109.58 ,55%
ST035,SK01183,W38,51," $2,549.49 "," $1,152.37 "," $1,397.12 ",55%
ST035,SK01183,W42,165," $8,248.35 "," $3,728.25 "," $4,520.10 ",55%
ST035,SK01183,W48,80," $3,999.20 "," $1,807.64 "," $2,191.56 ",55%
ST035,SK01189,W02,124," $24,178.76 "," $14,338.00 "," $9,840.76 ",41%
ST035,SK01189,W21,16," $3,119.84 "," $1,850.07 "," $1,269.77 ",41%
ST035,SK01189,W22,176," $34,318.24 "," $20,350.72 "," $13,967.52 ",41%
ST035,SK01189,W33,97," $18,914.03 "," $11,216.02 "," $7,698.01 ",41%
ST035,SK01189,W40,24," $4,679.76 "," $2,775.10 "," $1,904.66 ",41%
ST035,SK01189,W42,132," $25,738.68 "," $15,263.04 "," $10,475.64 ",41%
ST035,SK01189,W46,21," $4,094.79 "," $2,428.21 "," $1,666.58 ",41%
ST035,SK01193,W02,136," $17,678.64 "," $6,399.67 "," $11,278.97 ",64%
ST035,SK01193,W07,182," $23,658.18 "," $8,564.26 "," $15,093.92 ",64%
ST035,SK01193,W08,124," $16,118.76 "," $5,834.99 "," $10,283.77 ",64%
ST035,SK01193,W09,66," $8,579.34 "," $3,105.72 "," $5,473.62 ",64%
ST035,SK01193,W24,39," $5,069.61 "," $1,835.20 "," $3,234.41 ",64%
ST035,SK01193,W31,76," $9,879.24 "," $3,576.28 "," $6,302.96 ",64%
ST035,SK01193,W35,113," $14,688.87 "," $5,317.37 "," $9,371.50 ",64%
ST035,SK01193,W39,12," $1,559.88 ", $564.68 , $995.20 ,64%
ST035,SK01193,W49,181," $23,528.19 "," $8,517.20 "," $15,010.99 ",64%
ST035,SK01249,W01,171," $3,418.29 ", $229.03 ," $3,189.26 ",93%
ST035,SK01249,W14,83," $1,659.17 ", $111.16 ," $1,548.01 ",93%
ST035,SK01249,W15,117," $2,338.83 ", $156.70 ," $2,182.13 ",93%
ST035,SK01249,W23,126," $2,518.74 ", $168.76 ," $2,349.98 ",93%
ST035,SK01249,W27,67," $1,339.33 ", $89.74 ," $1,249.59 ",93%
ST035,SK01249,W32,66," $1,319.34 ", $88.40 ," $1,230.94 ",93%
ST035,SK01249,W34,198," $3,958.02 ", $265.19 ," $3,692.83 ",93%
ST035,SK01319,W02,77, $384.23 , $176.36 , $207.87 ,54%
ST035,SK01319,W03,59, $294.41 , $135.13 , $159.28 ,54%
ST035,SK01319,W13,96, $479.04 , $219.88 , $259.16 ,54%
ST035,SK01319,W17,46, $229.54 , $105.36 , $124.18 ,54%
ST035,SK01319,W22,117, $583.83 , $267.98 , $315.85 ,54%
ST035,SK01319,W23,24, $119.76 , $54.97 , $64.79 ,54%
ST035,SK01319,W28,188, $938.12 , $430.60 , $507.52 ,54%
ST035,SK01319,W33,100, $499.00 , $229.04 , $269.96 ,54%
ST035,SK01319,W34,114, $568.86 , $261.11 , $307.75 ,54%
ST035,SK01319,W38,121, $603.79 , $277.14 , $326.65 ,54%
ST035,SK01319,W44,198, $988.02 , $453.50 , $534.52 ,54%
ST035,SK01349,W05,65," $7,474.35 "," $3,961.41 "," $3,512.94 ",47%
ST035,SK01349,W10,191," $21,963.09 "," $11,640.44 "," $10,322.65 ",47%
ST035,SK01349,W11,12," $1,379.88 ", $731.34 , $648.54 ,47%
ST035,SK01349,W13,130," $14,948.70 "," $7,922.81 "," $7,025.89 ",47%
ST035,SK01349,W19,36," $4,139.64 "," $2,194.01 "," $1,945.63 ",47%
ST035,SK01349,W24,73," $8,394.27 "," $4,448.96 "," $3,945.31 ",47%
ST035,SK01349,W26,188," $21,618.12 "," $11,457.60 "," $10,160.52 ",47%
ST035,SK01349,W27,86," $9,889.14 "," $5,241.24 "," $4,647.90 ",47%
ST035,SK01349,W28,14," $1,609.86 ", $853.23 , $756.63 ,47%
ST035,SK01349,W29,84," $9,659.16 "," $5,119.35 "," $4,539.81 ",47%
ST035,SK01349,W35,172," $19,778.28 "," $10,482.49 "," $9,295.79 ",47%
ST035,SK01349,W43,113," $12,993.87 "," $6,886.75 "," $6,107.12 ",47%
ST035,SK01349,W50,72," $8,279.28 "," $4,388.02 "," $3,891.26 ",47%
ST035,SK01549,W10,121," $11,493.79 "," $8,654.82 "," $2,838.97 ",25%
ST035,SK01549,W14,28," $2,659.72 "," $2,002.77 ", $656.95 ,25%
ST035,SK01549,W17,32," $3,039.68 "," $2,288.88 ", $750.80 ,25%
ST035,SK01549,W19,173," $16,433.27 "," $12,374.25 "," $4,059.02 ",25%
ST035,SK01549,W20,47," $4,464.53 "," $3,361.79 "," $1,102.74 ",25%
ST035,SK01549,W28,126," $11,968.74 "," $9,012.46 "," $2,956.28 ",25%
ST035,SK01549,W33,93," $8,834.07 "," $6,652.05 "," $2,182.02 ",25%
ST035,SK01549,W37,152," $14,438.48 "," $10,872.18 "," $3,566.30 ",25%
ST035,SK01549,W38,79," $7,504.21 "," $5,650.67 "," $1,853.54 ",25%
ST035,SK01549,W42,66," $6,269.34 "," $4,720.81 "," $1,548.53 ",25%
ST035,SK01566,W04,161," $1,608.39 "," $1,113.01 ", $495.38 ,31%
ST035,SK01566,W05,48, $479.52 , $331.83 , $147.69 ,31%
ST035,SK01566,W06,5, $49.95 , $34.57 , $15.38 ,31%
ST035,SK01566,W10,61, $609.39 , $421.70 , $187.69 ,31%
ST035,SK01566,W11,53, $529.47 , $366.39 , $163.08 ,31%
ST035,SK01566,W16,186," $1,858.14 "," $1,285.83 ", $572.31 ,31%
ST035,SK01566,W28,2, $19.98 , $13.83 , $6.15 ,31%
ST035,SK01566,W30,53, $529.47 , $366.39 , $163.08 ,31%
ST035,SK01566,W33,104," $1,038.96 ", $718.96 , $320.00 ,31%
ST035,SK01566,W36,153," $1,528.47 "," $1,057.70 ", $470.77 ,31%
ST035,SK01566,W38,23, $229.77 , $159.00 , $70.77 ,31%
ST035,SK01566,W40,51, $509.49 , $352.57 , $156.92 ,31%
ST035,SK01566,W44,152," $1,518.48 "," $1,050.79 ", $467.69 ,31%
ST035,SK01566,W46,144," $1,438.56 ", $995.48 , $443.08 ,31%
ST035,SK01642,W01,31," $1,704.69 "," $1,847.88 ", $(143.19),-8%
ST035,SK01642,W02,121," $6,653.79 "," $7,212.71 ", $(558.92),-8%
ST035,SK01642,W07,112," $6,158.88 "," $6,676.23 ", $(517.35),-8%
ST035,SK01642,W10,119," $6,543.81 "," $7,093.49 ", $(549.68),-8%
ST035,SK01642,W15,165," $9,073.35 "," $9,835.51 ", $(762.16),-8%
ST035,SK01642,W37,113," $6,213.87 "," $6,735.84 ", $(521.97),-8%
ST035,SK01642,W38,145," $7,973.55 "," $8,643.33 ", $(669.78),-8%
ST035,SK01642,W44,183," $10,063.17 "," $10,908.48 ", $(845.31),-8%
ST035,SK01642,W46,53," $2,914.47 "," $3,159.29 ", $(244.82),-8%
ST035,SK01733,W05,114," $10,828.86 "," $9,626.86 "," $1,202.00 ",11%
ST035,SK01733,W18,7, $664.93 , $591.12 , $73.81 ,11%
ST035,SK01733,W21,65," $6,174.35 "," $5,489.00 ", $685.35 ,11%
ST035,SK01733,W30,184," $17,478.16 "," $15,538.08 "," $1,940.08 ",11%
ST035,SK01733,W39,12," $1,139.88 "," $1,013.35 ", $126.53 ,11%
ST035,SK01733,W47,20," $1,899.80 "," $1,688.92 ", $210.88 ,11%
ST035,SK01733,W48,86," $8,169.14 "," $7,262.37 ", $906.77 ,11%
ST035,SK01733,W51,116," $11,018.84 "," $9,795.75 "," $1,223.09 ",11%
ST035,SK01896,W02,84," $12,599.16 "," $5,757.82 "," $6,841.34 ",54%
ST035,SK01896,W10,10," $1,499.90 ", $685.45 , $814.45 ,54%
ST035,SK01896,W12,111," $16,648.89 "," $7,608.54 "," $9,040.35 ",54%
ST035,SK01896,W15,94," $14,099.06 "," $6,443.27 "," $7,655.79 ",54%
ST035,SK01896,W21,59," $8,849.41 "," $4,044.18 "," $4,805.23 ",54%
ST035,SK01896,W23,131," $19,648.69 "," $8,979.45 "," $10,669.24 ",54%
ST035,SK01896,W24,96," $14,399.04 "," $6,580.36 "," $7,818.68 ",54%
ST035,SK01896,W25,200," $29,998.00 "," $13,709.09 "," $16,288.91 ",54%
ST035,SK01896,W29,74," $11,099.26 "," $5,072.36 "," $6,026.90 ",54%
ST035,SK01896,W35,175," $26,248.25 "," $11,995.45 "," $14,252.80 ",54%
ST035,SK01896,W40,192," $28,798.08 "," $13,160.72 "," $15,637.36 ",54%
ST035,SK01896,W47,59," $8,849.41 "," $4,044.18 "," $4,805.23 ",54%
ST035,SK01927,W01,23," $2,299.77 "," $1,538.55 ", $761.22 ,33%
ST035,SK01927,W04,30," $2,999.70 "," $2,006.80 ", $992.90 ,33%
ST035,SK01927,W05,27," $2,699.73 "," $1,806.12 ", $893.61 ,33%
ST035,SK01927,W06,78," $7,799.22 "," $5,217.68 "," $2,581.54 ",33%
ST035,SK01927,W12,143," $14,298.57 "," $9,565.74 "," $4,732.83 ",33%
ST035,SK01927,W17,131," $13,098.69 "," $8,763.02 "," $4,335.67 ",33%
ST035,SK01927,W19,85," $8,499.15 "," $5,685.93 "," $2,813.22 ",33%
ST035,SK01927,W27,62," $6,199.38 "," $4,147.39 "," $2,051.99 ",33%
ST035,SK01927,W31,171," $17,098.29 "," $11,438.76 "," $5,659.53 ",33%
ST035,SK01927,W32,80," $7,999.20 "," $5,351.46 "," $2,647.74 ",33%
ST035,SK01927,W33,85," $8,499.15 "," $5,685.93 "," $2,813.22 ",33%
ST035,SK01927,W39,41," $4,099.59 "," $2,742.63 "," $1,356.96 ",33%
ST035,SK01927,W49,11," $1,099.89 ", $735.83 , $364.06 ,33%
ST035,SK01950,W17,110," $10,998.90 "," $1,462.85 "," $9,536.05 ",87%
ST035,SK01950,W24,44," $4,399.56 ", $585.14 ," $3,814.42 ",87%
ST035,SK01950,W29,111," $11,098.89 "," $1,476.15 "," $9,622.74 ",87%
ST035,SK01950,W30,27," $2,699.73 ", $359.06 ," $2,340.67 ",87%
ST035,SK01950,W33,91," $9,099.09 "," $1,210.18 "," $7,888.91 ",87%
ST035,SK02029,W12,78," $7,019.22 "," $3,642.98 "," $3,376.24 ",48%
ST035,SK02029,W26,37," $3,329.63 "," $1,728.08 "," $1,601.55 ",48%
ST035,SK02029,W40,158," $14,218.42 "," $7,379.36 "," $6,839.06 ",48%
ST035,SK02029,W43,93," $8,369.07 "," $4,343.55 "," $4,025.52 ",48%
ST035,SK02029,W44,38," $3,419.62 "," $1,774.78 "," $1,644.84 ",48%
ST035,SK02029,W45,22," $1,979.78 "," $1,027.51 ", $952.27 ,48%
ST035,SK02029,W46,118," $10,618.82 "," $5,511.17 "," $5,107.65 ",48%
ST035,SK02429,W01,77," $14,244.23 "," $12,292.77 "," $1,951.46 ",14%
ST035,SK02429,W11,9," $1,664.91 "," $1,436.82 ", $228.09 ,14%
ST035,SK02429,W13,164," $30,338.36 "," $26,182.00 "," $4,156.36 ",14%
ST035,SK02429,W33,0, $-   , $-   , $-   ,0%
ST035,SK02429,W45,86," $15,909.14 "," $13,729.59 "," $2,179.55 ",14%
ST035,SK02448,W10,101," $15,148.99 ", $727.15 ," $14,421.84 ",95%
ST035,SK02448,W11,154," $23,098.46 "," $1,108.73 "," $21,989.73 ",95%
ST035,SK02448,W12,114," $17,098.86 ", $820.75 ," $16,278.11 ",95%
ST035,SK02448,W15,185," $27,748.15 "," $1,331.91 "," $26,416.24 ",95%
ST035,SK02448,W18,18," $2,699.82 ", $129.59 ," $2,570.23 ",95%
ST035,SK02448,W24,33," $4,949.67 ", $237.58 ," $4,712.09 ",95%
ST035,SK02448,W27,135," $20,248.65 ", $971.94 ," $19,276.71 ",95%
ST035,SK02448,W38,94," $14,099.06 ", $676.75 ," $13,422.31 ",95%
ST035,SK02562,W08,157," $20,408.43 "," $7,632.75 "," $12,775.68 ",63%
ST035,SK02562,W09,53," $6,889.47 "," $2,576.66 "," $4,312.81 ",63%
ST035,SK02562,W10,195," $25,348.05 "," $9,480.17 "," $15,867.88 ",63%
ST035,SK02562,W13,39," $5,069.61 "," $1,896.03 "," $3,173.58 ",63%
ST035,SK02562,W20,52," $6,759.48 "," $2,528.05 "," $4,231.43 ",63%
ST035,SK02562,W36,99," $12,869.01 "," $4,813.01 "," $8,056.00 ",63%
ST035,SK02562,W44,15," $1,949.85 ", $729.24 ," $1,220.61 ",63%
ST035,SK02562,W45,45," $5,849.55 "," $2,187.73 "," $3,661.82 ",63%
ST035,SK02562,W46,71," $9,229.29 "," $3,451.75 "," $5,777.54 ",63%
ST035,SK02562,W48,36," $4,679.64 "," $1,750.19 "," $2,929.45 ",63%
ST035,SK02562,W49,55," $7,149.45 "," $2,673.89 "," $4,475.56 ",63%
ST035,SK02642,W11,126," $20,788.74 "," $20,372.97 ", $415.77 ,2%
ST035,SK02642,W12,14," $2,309.86 "," $2,263.66 ", $46.20 ,2%
ST035,SK02642,W15,2, $329.98 , $323.38 , $6.60 ,2%
ST035,SK02642,W17,32," $5,279.68 "," $5,174.09 ", $105.59 ,2%
ST035,SK02642,W18,6, $989.94 , $970.14 , $19.80 ,2%
ST035,SK02642,W24,168," $27,718.32 "," $27,163.95 ", $554.37 ,2%
ST035,SK02642,W30,153," $25,243.47 "," $24,738.60 ", $504.87 ,2%
ST035,SK02642,W42,172," $28,378.28 "," $27,810.71 ", $567.57 ,2%
ST035,SK02768,W12,175," $15,748.25 "," $11,023.78 "," $4,724.48 ",30%
ST035,SK02768,W16,129," $11,608.71 "," $8,126.10 "," $3,482.61 ",30%
ST035,SK02768,W17,26," $2,339.74 "," $1,637.82 ", $701.92 ,30%
ST035,SK02768,W24,4, $359.96 , $251.97 , $107.99 ,30%
ST035,SK02768,W25,196," $17,638.04 "," $12,346.63 "," $5,291.41 ",30%
ST035,SK02768,W28,83," $7,469.17 "," $5,228.42 "," $2,240.75 ",30%
ST035,SK02768,W34,144," $12,958.56 "," $9,070.99 "," $3,887.57 ",30%
ST035,SK02768,W36,19," $1,709.81 "," $1,196.87 ", $512.94 ,30%
ST035,SK02768,W38,190," $17,098.10 "," $11,968.67 "," $5,129.43 ",30%
ST035,SK02768,W39,81," $7,289.19 "," $5,102.43 "," $2,186.76 ",30%
ST035,SK02768,W45,110," $9,898.90 "," $6,929.23 "," $2,969.67 ",30%
ST035,SK02768,W49,111," $9,988.89 "," $6,992.22 "," $2,996.67 ",30%
ST035,SK02805,W02,113," $22,033.87 "," $6,345.75 "," $15,688.12 ",71%
ST035,SK02805,W05,191," $37,243.09 "," $10,726.01 "," $26,517.08 ",71%
ST035,SK02805,W06,77," $15,014.23 "," $4,324.10 "," $10,690.13 ",71%
ST035,SK02805,W10,60," $11,699.40 "," $3,369.43 "," $8,329.97 ",71%
ST035,SK02805,W11,129," $25,153.71 "," $7,244.27 "," $17,909.44 ",71%
ST035,SK02805,W21,56," $10,919.44 "," $3,144.80 "," $7,774.64 ",71%
ST035,SK02805,W25,55," $10,724.45 "," $3,088.64 "," $7,635.81 ",71%
ST035,SK02805,W26,123," $23,983.77 "," $6,907.33 "," $17,076.44 ",71%
ST035,SK02805,W27,138," $26,908.62 "," $7,749.68 "," $19,158.94 ",71%
ST035,SK02805,W48,124," $24,178.76 "," $6,963.48 "," $17,215.28 ",71%
ST035,SK02805,W49,55," $10,724.45 "," $3,088.64 "," $7,635.81 ",71%
ST035,SK02904,W20,162," $14,578.38 "," $11,006.68 "," $3,571.70 ",25%
ST035,SK02904,W23,96," $8,639.04 "," $6,522.48 "," $2,116.56 ",25%
ST035,SK02904,W24,98," $8,819.02 "," $6,658.36 "," $2,160.66 ",25%
ST035,SK02904,W26,55," $4,949.45 "," $3,736.83 "," $1,212.62 ",25%
ST035,SK02904,W27,29," $2,609.71 "," $1,970.33 ", $639.38 ,25%
ST035,SK02904,W36,127," $11,428.73 "," $8,628.69 "," $2,800.04 ",25%
ST035,SK02904,W40,94," $8,459.06 "," $6,386.59 "," $2,072.47 ",25%
ST035,SK02904,W41,76," $6,839.24 "," $5,163.63 "," $1,675.61 ",25%
ST035,SK02904,W42,113," $10,168.87 "," $7,677.50 "," $2,491.37 ",25%
ST035,SK02904,W44,147," $13,228.53 "," $9,987.54 "," $3,240.99 ",25%
ST035,SK03182,W01,126," $15,748.74 "," $2,204.82 "," $13,543.92 ",86%
ST035,SK03182,W16,13," $1,624.87 ", $227.48 ," $1,397.39 ",86%
ST035,SK03182,W20,48," $5,999.52 ", $839.93 ," $5,159.59 ",86%
ST035,SK03182,W22,181," $22,623.19 "," $3,167.25 "," $19,455.94 ",86%
ST035,SK03182,W25,95," $11,874.05 "," $1,662.37 "," $10,211.68 ",86%
ST035,SK03182,W31,55," $6,874.45 ", $962.42 ," $5,912.03 ",86%
ST035,SK03182,W32,164," $20,498.36 "," $2,869.77 "," $17,628.59 ",86%
ST035,SK03182,W34,104," $12,998.96 "," $1,819.85 "," $11,179.11 ",86%
ST035,SK03182,W40,90," $11,249.10 "," $1,574.87 "," $9,674.23 ",86%
ST035,SK03289,W02,19," $3,039.81 "," $2,322.41 ", $717.40 ,24%
ST035,SK03289,W08,41," $6,559.59 "," $5,011.53 "," $1,548.06 ",24%
ST035,SK03289,W09,107," $17,118.93 "," $13,078.86 "," $4,040.07 ",24%
ST035,SK03289,W17,104," $16,638.96 "," $12,712.17 "," $3,926.79 ",24%
ST035,SK03289,W22,102," $16,318.98 "," $12,467.70 "," $3,851.28 ",24%
ST035,SK03289,W27,108," $17,278.92 "," $13,201.09 "," $4,077.83 ",24%
ST035,SK03289,W28,150," $23,998.50 "," $18,334.85 "," $5,663.65 ",24%
ST035,SK03289,W30,121," $19,358.79 "," $14,790.12 "," $4,568.67 ",24%
ST035,SK03289,W37,119," $19,038.81 "," $14,545.65 "," $4,493.16 ",24%
ST035,SK03289,W47,0, $-   , $-   , $-   ,0%
ST035,SK03289,W51,50," $7,999.50 "," $6,111.62 "," $1,887.88 ",24%
ST035,SK03348,W14,126," $20,788.74 "," $1,122.59 "," $19,666.15 ",95%
ST035,SK03348,W24,8," $1,319.92 ", $71.28 ," $1,248.64 ",95%
ST035,SK03348,W27,174," $28,708.26 "," $1,550.25 "," $27,158.01 ",95%
ST035,SK03348,W35,6, $989.94 , $53.46 , $936.48 ,95%
ST035,SK03348,W50,62," $10,229.38 ", $552.39 ," $9,676.99 ",95%
ST035,SK03348,W51,38," $6,269.62 ", $338.56 ," $5,931.06 ",95%
ST035,SK03348,W52,103," $16,993.97 ", $917.67 ," $16,076.30 ",95%
ST035,SK03569,W01,26, $259.74 , $191.69 , $68.05 ,26%
ST035,SK03569,W21,172," $1,718.28 "," $1,268.09 ", $450.19 ,26%
ST035,SK03569,W23,139," $1,388.61 "," $1,024.79 ", $363.82 ,26%
ST035,SK03569,W32,19, $189.81 , $140.08 , $49.73 ,26%
ST035,SK03569,W36,178," $1,778.22 "," $1,312.33 ", $465.89 ,26%
ST035,SK03569,W37,18, $179.82 , $132.71 , $47.11 ,26%
ST035,SK03569,W42,32, $319.68 , $235.92 , $83.76 ,26%
ST035,SK03569,W46,155," $1,548.45 "," $1,142.76 ", $405.69 ,26%
ST035,SK03569,W47,8, $79.92 , $58.98 , $20.94 ,26%
ST035,SK03569,W48,99, $989.01 , $729.89 , $259.12 ,26%
ST035,SK03572,W07,67," $8,039.33 "," $3,505.15 "," $4,534.18 ",56%
ST035,SK03572,W08,154," $18,478.46 "," $8,056.61 "," $10,421.85 ",56%
ST035,SK03572,W17,136," $16,318.64 "," $7,114.93 "," $9,203.71 ",56%
ST035,SK03572,W20,7, $839.93 , $366.21 , $473.72 ,56%
ST035,SK03572,W27,165," $19,798.35 "," $8,632.08 "," $11,166.27 ",56%
ST035,SK03572,W29,84," $10,079.16 "," $4,394.51 "," $5,684.65 ",56%
ST035,SK03572,W34,20," $2,399.80 "," $1,046.31 "," $1,353.49 ",56%
ST035,SK03572,W40,29," $3,479.71 "," $1,517.15 "," $1,962.56 ",56%
ST035,SK03572,W45,121," $14,518.79 "," $6,330.19 "," $8,188.60 ",56%
ST035,SK03572,W46,89," $10,679.11 "," $4,656.09 "," $6,023.02 ",56%
ST035,SK03572,W47,189," $22,678.11 "," $9,887.66 "," $12,790.45 ",56%
ST035,SK03636,W07,127," $1,903.73 "," $1,107.97 ", $795.76 ,42%
ST035,SK03636,W20,65, $974.35 , $567.07 , $407.28 ,42%
ST035,SK03636,W25,27, $404.73 , $235.55 , $169.18 ,42%
ST035,SK03636,W27,128," $1,918.72 "," $1,116.70 ", $802.02 ,42%
ST035,SK03636,W30,98," $1,469.02 ", $854.97 , $614.05 ,42%
ST035,SK03636,W34,153," $2,293.47 "," $1,334.80 ", $958.67 ,42%
ST035,SK03636,W35,154," $2,308.46 "," $1,343.52 ", $964.94 ,42%
ST035,SK03636,W45,62, $929.38 , $540.90 , $388.48 ,42%
ST035,SK03636,W48,135," $2,023.65 "," $1,177.76 ", $845.89 ,42%
ST035,SK03636,W52,100," $1,499.00 ", $872.42 , $626.58 ,42%
ST035,SK03725,W02,40," $3,199.60 ", $377.55 ," $2,822.05 ",88%
ST035,SK03725,W30,87," $6,959.13 ", $821.18 ," $6,137.95 ",88%
ST035,SK03725,W32,73," $5,839.27 ", $689.03 ," $5,150.24 ",88%
ST035,SK03725,W34,130," $10,398.70 "," $1,227.05 "," $9,171.65 ",88%
ST035,SK03725,W36,191," $15,278.09 "," $1,802.81 "," $13,475.28 ",88%
ST035,SK03725,W38,194," $15,518.06 "," $1,831.13 "," $13,686.93 ",88%
ST035,SK03980,W15,138," $15,178.62 "," $8,515.21 "," $6,663.41 ",44%
ST035,SK03980,W16,91," $10,009.09 "," $5,615.10 "," $4,393.99 ",44%
ST035,SK03980,W22,32," $3,519.68 "," $1,974.54 "," $1,545.14 ",44%
ST035,SK03980,W24,127," $13,968.73 "," $7,836.46 "," $6,132.27 ",44%
ST035,SK03980,W33,199," $21,888.01 "," $12,279.17 "," $9,608.84 ",44%
ST035,SK03980,W37,74," $8,139.26 "," $4,566.12 "," $3,573.14 ",44%
ST035,SK03980,W38,67," $7,369.33 "," $4,134.19 "," $3,235.14 ",44%
ST035,SK03980,W45,90," $9,899.10 "," $5,553.40 "," $4,345.70 ",44%
ST035,SK03980,W50,20," $2,199.80 "," $1,234.09 ", $965.71 ,44%
ST035,SK04282,W04,47," $5,404.53 "," $2,442.85 "," $2,961.68 ",55%
ST035,SK04282,W22,3, $344.97 , $155.93 , $189.04 ,55%
ST035,SK04282,W24,142," $16,328.58 "," $7,380.52 "," $8,948.06 ",55%
ST035,SK04282,W25,56," $6,439.44 "," $2,910.63 "," $3,528.81 ",55%
ST035,SK04282,W26,51," $5,864.49 "," $2,650.75 "," $3,213.74 ",55%
ST035,SK04282,W35,132," $15,178.68 "," $6,860.76 "," $8,317.92 ",55%
ST035,SK04282,W38,108," $12,418.92 "," $5,613.35 "," $6,805.57 ",55%
ST035,SK04282,W39,105," $12,073.95 "," $5,457.43 "," $6,616.52 ",55%
ST035,SK04282,W44,16," $1,839.84 ", $831.61 ," $1,008.23 ",55%
ST035,SK04325,W01,73," $14,234.27 ", $953.70 ," $13,280.57 ",93%
ST035,SK04325,W09,110," $21,448.90 "," $1,437.08 "," $20,011.82 ",93%
ST035,SK04325,W22,192," $37,438.08 "," $2,508.35 "," $34,929.73 ",93%
ST035,SK04325,W29,38," $7,409.62 ", $496.44 ," $6,913.18 ",93%
ST035,SK04325,W51,181," $35,293.19 "," $2,364.64 "," $32,928.55 ",93%
ST035,SK04707,W03,27, $674.73 , $638.29 , $36.44 ,5%
ST035,SK04707,W06,191," $4,773.09 "," $4,515.34 ", $257.75 ,5%
ST035,SK04707,W12,158," $3,948.42 "," $3,735.21 ", $213.21 ,5%
ST035,SK04707,W18,195," $4,873.05 "," $4,609.91 ", $263.14 ,5%
ST035,SK04707,W23,78," $1,949.22 "," $1,843.96 ", $105.26 ,5%
ST035,SK04707,W38,176," $4,398.24 "," $4,160.74 ", $237.50 ,5%
ST035,SK04707,W42,82," $2,049.18 "," $1,938.52 ", $110.66 ,5%
ST035,SK04707,W48,109," $2,723.91 "," $2,576.82 ", $147.09 ,5%
ST035,SK04815,W01,192," $2,878.08 "," $3,128.47 ", $(250.39),-9%
ST035,SK04815,W04,107," $1,603.93 "," $1,743.47 ", $(139.54),-9%
ST035,SK04815,W11,177," $2,653.23 "," $2,884.06 ", $(230.83),-9%
ST035,SK04815,W12,83," $1,244.17 "," $1,352.41 ", $(108.24),-9%
ST035,SK04815,W14,146," $2,188.54 "," $2,378.94 ", $(190.40),-9%
ST035,SK04815,W16,21, $314.79 , $342.18 , $(27.39),-9%
ST035,SK04815,W20,132," $1,978.68 "," $2,150.83 ", $(172.15),-9%
ST035,SK04815,W23,153," $2,293.47 "," $2,493.00 ", $(199.53),-9%
ST035,SK04815,W24,101," $1,513.99 "," $1,645.71 ", $(131.72),-9%
ST035,SK04815,W26,121," $1,813.79 "," $1,971.59 ", $(157.80),-9%
ST035,SK04815,W31,121," $1,813.79 "," $1,971.59 ", $(157.80),-9%
ST035,SK04815,W33,154," $2,308.46 "," $2,509.30 ", $(200.84),-9%
ST035,SK04815,W37,51, $764.49 , $831.00 , $(66.51),-9%
ST035,SK05097,W01,182," $14,558.18 "," $3,552.20 "," $11,005.98 ",76%
ST035,SK05097,W03,143," $11,438.57 "," $2,791.01 "," $8,647.56 ",76%
ST035,SK05097,W05,187," $14,958.13 "," $3,649.78 "," $11,308.35 ",76%
ST035,SK05097,W08,175," $13,998.25 "," $3,415.57 "," $10,582.68 ",76%
ST035,SK05097,W10,178," $14,238.22 "," $3,474.13 "," $10,764.09 ",76%
ST035,SK05097,W11,114," $9,118.86 "," $2,225.00 "," $6,893.86 ",76%
ST035,SK05097,W19,41," $3,279.59 ", $800.22 ," $2,479.37 ",76%
ST035,SK05097,W25,123," $9,838.77 "," $2,400.66 "," $7,438.11 ",76%
ST035,SK05097,W30,17," $1,359.83 ", $331.80 ," $1,028.03 ",76%
ST035,SK05097,W33,145," $11,598.55 "," $2,830.05 "," $8,768.50 ",76%
ST035,SK05097,W45,199," $15,918.01 "," $3,883.99 "," $12,034.02 ",76%
ST035,SK05097,W46,34," $2,719.66 ", $663.60 ," $2,056.06 ",76%
ST035,SK05194,W01,188," $36,658.12 "," $5,278.77 "," $31,379.35 ",86%
ST035,SK05194,W04,138," $26,908.62 "," $3,874.84 "," $23,033.78 ",86%
ST035,SK05194,W06,23," $4,484.77 ", $645.81 ," $3,838.96 ",86%
ST035,SK05194,W13,28," $5,459.72 ", $786.20 ," $4,673.52 ",86%
ST035,SK05194,W16,40," $7,799.60 "," $1,123.14 "," $6,676.46 ",86%
ST035,SK05194,W20,53," $10,334.47 "," $1,488.16 "," $8,846.31 ",86%
ST035,SK05194,W27,166," $32,368.34 "," $4,661.04 "," $27,707.30 ",86%
ST035,SK05194,W31,151," $29,443.49 "," $4,239.86 "," $25,203.63 ",86%
ST035,SK05194,W37,44," $8,579.56 "," $1,235.46 "," $7,344.10 ",86%
ST035,SK05194,W43,99," $19,304.01 "," $2,779.78 "," $16,524.23 ",86%
ST035,SK05194,W48,96," $18,719.04 "," $2,695.54 "," $16,023.50 ",86%
ST035,SK05194,W50,63," $12,284.37 "," $1,768.95 "," $10,515.42 ",86%
ST035,SK05478,W02,7," $1,224.93 "," $1,031.39 ", $193.54 ,16%
ST035,SK05478,W03,151," $26,423.49 "," $22,248.58 "," $4,174.91 ",16%
ST035,SK05478,W04,189," $33,073.11 "," $27,847.56 "," $5,225.55 ",16%
ST035,SK05478,W05,108," $18,898.92 "," $15,912.89 "," $2,986.03 ",16%
ST035,SK05478,W07,163," $28,523.37 "," $24,016.68 "," $4,506.69 ",16%
ST035,SK05478,W23,3, $524.97 , $442.02 , $82.95 ,16%
ST035,SK05478,W25,175," $30,623.25 "," $25,784.78 "," $4,838.47 ",16%
ST035,SK05478,W34,162," $28,348.38 "," $23,869.34 "," $4,479.04 ",16%
ST035,SK05478,W41,87," $15,224.13 "," $12,818.72 "," $2,405.41 ",16%
ST035,SK05478,W46,73," $12,774.27 "," $10,755.94 "," $2,018.33 ",16%
ST035,SK05715,W03,142," $13,488.58 "," $3,210.28 "," $10,278.30 ",76%
ST035,SK05715,W05,21," $1,994.79 ", $474.76 ," $1,520.03 ",76%
ST035,SK05715,W21,137," $13,013.63 "," $3,097.24 "," $9,916.39 ",76%
ST035,SK05715,W29,186," $17,668.14 "," $4,205.02 "," $13,463.12 ",76%
ST035,SK05715,W30,169," $16,053.31 "," $3,820.69 "," $12,232.62 ",76%
ST035,SK05715,W32,6, $569.94 , $135.65 , $434.29 ,76%
ST035,SK05715,W35,41," $3,894.59 ", $926.91 ," $2,967.68 ",76%
ST035,SK05715,W39,59," $5,604.41 "," $1,333.85 "," $4,270.56 ",76%
ST035,SK05715,W45,41," $3,894.59 ", $926.91 ," $2,967.68 ",76%
ST035,SK05715,W46,185," $17,573.15 "," $4,182.41 "," $13,390.74 ",76%
ST035,SK05928,W01,29," $2,029.71 "," $1,207.68 ", $822.03 ,41%
ST035,SK05928,W02,71," $4,969.29 "," $2,956.73 "," $2,012.56 ",41%
ST035,SK05928,W13,37," $2,589.63 "," $1,540.83 "," $1,048.80 ",41%
ST035,SK05928,W17,41," $2,869.59 "," $1,707.41 "," $1,162.18 ",41%
ST035,SK05928,W23,15," $1,049.85 ", $624.66 , $425.19 ,41%
ST035,SK05928,W25,9, $629.91 , $374.80 , $255.11 ,41%
ST035,SK05928,W28,184," $12,878.16 "," $7,662.51 "," $5,215.65 ",41%
ST035,SK05928,W31,152," $10,638.48 "," $6,329.90 "," $4,308.58 ",41%
ST035,SK05928,W34,107," $7,488.93 "," $4,455.91 "," $3,033.02 ",41%
ST035,SK05928,W43,68," $4,759.32 "," $2,831.80 "," $1,927.52 ",41%
ST035,SK05928,W50,133," $9,308.67 "," $5,538.66 "," $3,770.01 ",41%
ST035,SK06290,W01,77," $11,164.23 "," $4,119.60 "," $7,044.63 ",63%
ST035,SK06290,W03,186," $26,968.14 "," $9,951.24 "," $17,016.90 ",63%
ST035,SK06290,W06,133," $19,283.67 "," $7,115.67 "," $12,168.00 ",63%
ST035,SK06290,W15,78," $11,309.22 "," $4,173.10 "," $7,136.12 ",63%
ST035,SK06290,W24,21," $3,044.79 "," $1,123.53 "," $1,921.26 ",63%
ST035,SK06290,W29,69," $10,004.31 "," $3,691.59 "," $6,312.72 ",63%
ST035,SK06290,W33,118," $17,108.82 "," $6,313.15 "," $10,795.67 ",63%
ST035,SK06290,W38,168," $24,358.32 "," $8,988.22 "," $15,370.10 ",63%
ST035,SK06290,W45,112," $16,238.88 "," $5,992.15 "," $10,246.73 ",63%
ST035,SK06290,W46,16," $2,319.84 ", $856.02 ," $1,463.82 ",63%
ST035,SK06290,W52,53," $7,684.47 "," $2,835.57 "," $4,848.90 ",63%
ST035,SK06375,W03,30," $4,349.70 "," $3,431.91 ", $917.79 ,21%
ST035,SK06375,W12,42," $6,089.58 "," $4,804.68 "," $1,284.90 ",21%
ST035,SK06375,W16,82," $11,889.18 "," $9,380.56 "," $2,508.62 ",21%
ST035,SK06375,W17,137," $19,863.63 "," $15,672.40 "," $4,191.23 ",21%
ST035,SK06375,W19,182," $26,388.18 "," $20,820.27 "," $5,567.91 ",21%
ST035,SK06375,W27,109," $15,803.91 "," $12,469.28 "," $3,334.63 ",21%
ST035,SK06375,W35,17," $2,464.83 "," $1,944.75 ", $520.08 ,21%
ST035,SK06375,W36,132," $19,138.68 "," $15,100.42 "," $4,038.26 ",21%
ST035,SK06375,W42,51," $7,394.49 "," $5,834.25 "," $1,560.24 ",21%
ST035,SK06375,W45,182," $26,388.18 "," $20,820.27 "," $5,567.91 ",21%
ST035,SK06375,W48,31," $4,494.69 "," $3,546.31 ", $948.38 ,21%
ST035,SK06559,W04,177," $25,663.23 "," $25,842.87 ", $(179.64),-1%
ST035,SK06559,W14,148," $21,458.52 "," $21,608.73 ", $(150.21),-1%
ST035,SK06559,W15,69," $10,004.31 "," $10,074.34 ", $(70.03),-1%
ST035,SK06559,W20,34," $4,929.66 "," $4,964.17 ", $(34.51),-1%
ST035,SK06559,W28,21," $3,044.79 "," $3,066.10 ", $(21.31),-1%
ST035,SK06559,W31,169," $24,503.31 "," $24,674.83 ", $(171.52),-1%
ST035,SK06559,W50,51," $7,394.49 "," $7,446.25 ", $(51.76),-1%
ST035,SK06601,W01,72," $4,319.28 "," $2,397.20 "," $1,922.08 ",45%
ST035,SK06601,W02,30," $1,799.70 ", $998.83 , $800.87 ,45%
ST035,SK06601,W03,65," $3,899.35 "," $2,164.14 "," $1,735.21 ",45%
ST035,SK06601,W09,165," $9,898.35 "," $5,493.58 "," $4,404.77 ",45%
ST035,SK06601,W19,40," $2,399.60 "," $1,331.78 "," $1,067.82 ",45%
ST035,SK06601,W21,170," $10,198.30 "," $5,660.06 "," $4,538.24 ",45%
ST035,SK06601,W26,150," $8,998.50 "," $4,994.17 "," $4,004.33 ",45%
ST035,SK06601,W28,195," $11,698.05 "," $6,492.42 "," $5,205.63 ",45%
ST035,SK06601,W33,111," $6,658.89 "," $3,695.68 "," $2,963.21 ",45%
ST035,SK06601,W34,156," $9,358.44 "," $5,193.93 "," $4,164.51 ",45%
ST035,SK06601,W36,158," $9,478.42 "," $5,260.52 "," $4,217.90 ",45%
ST035,SK06601,W39,0, $-   , $-   , $-   ,0%
ST035,SK06601,W42,165," $9,898.35 "," $5,493.58 "," $4,404.77 ",45%
ST035,SK06601,W43,72," $4,319.28 "," $2,397.20 "," $1,922.08 ",45%
ST035,SK06601,W45,43," $2,579.57 "," $1,431.66 "," $1,147.91 ",45%
ST035,SK06651,W20,87," $4,349.13 "," $4,570.94 ", $(221.81),-5%
ST035,SK06651,W25,167," $8,348.33 "," $8,774.09 ", $(425.76),-5%
ST035,SK06651,W26,10, $499.90 , $525.39 , $(25.49),-5%
ST035,SK06651,W30,18, $899.82 , $945.71 , $(45.89),-5%
ST035,SK06651,W31,27," $1,349.73 "," $1,418.57 ", $(68.84),-5%
ST035,SK06651,W37,34," $1,699.66 "," $1,786.34 ", $(86.68),-5%
ST035,SK06651,W43,84," $4,199.16 "," $4,413.32 ", $(214.16),-5%
ST035,SK06651,W46,108," $5,398.92 "," $5,674.26 ", $(275.34),-5%
ST035,SK06651,W49,142," $7,098.58 "," $7,460.61 ", $(362.03),-5%
ST035,SK06691,W09,138," $1,378.62 ", $295.02 ," $1,083.60 ",79%
ST035,SK06691,W10,45, $449.55 , $96.20 , $353.35 ,79%
ST035,SK06691,W11,92, $919.08 , $196.68 , $722.40 ,79%
ST035,SK06691,W23,1, $9.99 , $2.14 , $7.85 ,79%
ST035,SK06691,W32,136," $1,358.64 ", $290.75 ," $1,067.89 ",79%
ST035,SK06691,W34,57, $569.43 , $121.86 , $447.57 ,79%
ST035,SK06691,W39,35, $349.65 , $74.83 , $274.82 ,79%
ST035,SK06691,W45,129," $1,288.71 ", $275.78 ," $1,012.93 ",79%
ST035,SK06691,W46,147," $1,468.53 ", $314.27 ," $1,154.26 ",79%
ST035,SK06691,W50,84, $839.16 , $179.58 , $659.58 ,79%
ST035,SK06996,W04,194," $24,248.06 "," $22,526.45 "," $1,721.61 ",7%
ST035,SK06996,W05,11," $1,374.89 "," $1,277.27 ", $97.62 ,7%
ST035,SK06996,W12,105," $13,123.95 "," $12,192.15 ", $931.80 ,7%
ST035,SK06996,W18,172," $21,498.28 "," $19,971.90 "," $1,526.38 ",7%
ST035,SK06996,W26,20," $2,499.80 "," $2,322.31 ", $177.49 ,7%
ST035,SK06996,W31,101," $12,623.99 "," $11,727.69 ", $896.30 ,7%
ST035,SK06996,W35,43," $5,374.57 "," $4,992.98 ", $381.59 ,7%
ST035,SK06996,W39,184," $22,998.16 "," $21,365.29 "," $1,632.87 ",7%
ST035,SK06996,W47,141," $17,623.59 "," $16,372.32 "," $1,251.27 ",7%
ST035,SK06996,W50,181," $22,623.19 "," $21,016.94 "," $1,606.25 ",7%
ST035,SK07054,W04,70," $12,949.30 "," $11,680.27 "," $1,269.03 ",10%
ST035,SK07054,W08,13," $2,404.87 "," $2,169.19 ", $235.68 ,10%
ST035,SK07054,W21,41," $7,584.59 "," $6,841.30 ", $743.29 ,10%
ST035,SK07054,W26,118," $21,828.82 "," $19,689.60 "," $2,139.22 ",10%
ST035,SK07054,W29,141," $26,083.59 "," $23,527.40 "," $2,556.19 ",10%
ST035,SK07054,W35,166," $30,708.34 "," $27,698.92 "," $3,009.42 ",10%
ST035,SK07054,W50,148," $27,378.52 "," $24,695.43 "," $2,683.09 ",10%
ST035,SK07054,W51,96," $17,759.04 "," $16,018.65 "," $1,740.39 ",10%
ST035,SK07068,W09,117," $1,753.83 "," $1,608.26 ", $145.57 ,8%
ST035,SK07068,W18,142," $2,128.58 "," $1,951.91 ", $176.67 ,8%
ST035,SK07068,W29,84," $1,259.16 "," $1,154.65 ", $104.51 ,8%
ST035,SK07068,W38,144," $2,158.56 "," $1,979.40 ", $179.16 ,8%
ST035,SK07068,W40,112," $1,678.88 "," $1,539.53 ", $139.35 ,8%
ST035,SK07068,W41,142," $2,128.58 "," $1,951.91 ", $176.67 ,8%
ST035,SK07068,W46,124," $1,858.76 "," $1,704.48 ", $154.28 ,8%
ST035,SK07068,W48,105," $1,573.95 "," $1,443.31 ", $130.64 ,8%
ST035,SK07322,W13,10, $849.90 , $904.29 , $(54.39),-6%
ST035,SK07322,W21,187," $15,893.13 "," $16,910.29 "," $(1,017.16)",-6%
ST035,SK07322,W29,152," $12,918.48 "," $13,745.26 ", $(826.78),-6%
ST035,SK07322,W37,136," $11,558.64 "," $12,298.39 ", $(739.75),-6%
ST035,SK07322,W41,79," $6,714.21 "," $7,143.92 ", $(429.71),-6%
ST035,SK07322,W49,2, $169.98 , $180.86 , $(10.88),-6%
ST035,SK07369,W03,70, $349.30 , $260.93 , $88.37 ,25%
ST035,SK07369,W05,59, $294.41 , $219.92 , $74.49 ,25%
ST035,SK07369,W06,17, $84.83 , $63.37 , $21.46 ,25%
ST035,SK07369,W07,124, $618.76 , $462.21 , $156.55 ,25%
ST035,SK07369,W15,69, $344.31 , $257.20 , $87.11 ,25%
ST035,SK07369,W17,13, $64.87 , $48.46 , $16.41 ,25%
ST035,SK07369,W18,36, $179.64 , $134.19 , $45.45 ,25%
ST035,SK07369,W19,16, $79.84 , $59.64 , $20.20 ,25%
ST035,SK07369,W20,114, $568.86 , $424.94 , $143.92 ,25%
ST035,SK07369,W21,101, $503.99 , $376.48 , $127.51 ,25%
ST035,SK07369,W26,116, $578.84 , $432.39 , $146.45 ,25%
ST035,SK07369,W36,67, $334.33 , $249.74 , $84.59 ,25%
ST035,SK07369,W42,78, $389.22 , $290.75 , $98.47 ,25%
ST035,SK07447,W02,72," $10,079.28 "," $7,025.26 "," $3,054.02 ",30%
ST035,SK07447,W05,58," $8,119.42 "," $5,659.24 "," $2,460.18 ",30%
ST035,SK07447,W07,96," $13,439.04 "," $9,367.01 "," $4,072.03 ",30%
ST035,SK07447,W13,40," $5,599.60 "," $3,902.92 "," $1,696.68 ",30%
ST035,SK07447,W22,194," $27,158.06 "," $18,929.17 "," $8,228.89 ",30%
ST035,SK07447,W31,65," $9,099.35 "," $6,342.25 "," $2,757.10 ",30%
ST035,SK07447,W34,12," $1,679.88 "," $1,170.88 ", $509.00 ,30%
ST035,SK07447,W36,100," $13,999.00 "," $9,757.30 "," $4,241.70 ",30%
ST035,SK07447,W43,45," $6,299.55 "," $4,390.79 "," $1,908.76 ",30%
ST035,SK07447,W46,41," $5,739.59 "," $4,000.49 "," $1,739.10 ",30%
ST035,SK07484,W02,188," $33,838.12 "," $30,725.01 "," $3,113.11 ",9%
ST035,SK07484,W03,126," $22,678.74 "," $20,592.30 "," $2,086.44 ",9%
ST035,SK07484,W09,101," $18,178.99 "," $16,506.52 "," $1,672.47 ",9%
ST035,SK07484,W21,51," $9,179.49 "," $8,334.98 ", $844.51 ,9%
ST035,SK07484,W25,6," $1,079.94 ", $980.59 , $99.35 ,9%
ST035,SK07484,W26,117," $21,058.83 "," $19,121.42 "," $1,937.41 ",9%
ST035,SK07484,W33,68," $12,239.32 "," $11,113.30 "," $1,126.02 ",9%
ST035,SK07484,W44,93," $16,739.07 "," $15,199.08 "," $1,539.99 ",9%
ST035,SK07484,W51,195," $35,098.05 "," $31,869.03 "," $3,229.02 ",9%
ST035,SK07595,W06,104," $5,718.96 "," $5,244.29 ", $474.67 ,8%
ST035,SK07595,W07,58," $3,189.42 "," $2,924.70 ", $264.72 ,8%
ST035,SK07595,W12,168," $9,238.32 "," $8,471.54 ", $766.78 ,8%
ST035,SK07595,W21,160," $8,798.40 "," $8,068.13 ", $730.27 ,8%
ST035,SK07595,W24,148," $8,138.52 "," $7,463.02 ", $675.50 ,8%
ST035,SK07595,W26,106," $5,828.94 "," $5,345.14 ", $483.80 ,8%
ST035,SK07595,W32,20," $1,099.80 "," $1,008.52 ", $91.28 ,8%
ST035,SK07595,W41,2, $109.98 , $100.85 , $9.13 ,8%
ST035,SK07595,W43,38," $2,089.62 "," $1,916.18 ", $173.44 ,8%
ST035,SK07595,W45,117," $6,433.83 "," $5,899.82 ", $534.01 ,8%
ST035,SK07595,W51,20," $1,099.80 "," $1,008.52 ", $91.28 ,8%
ST035,SK07767,W02,127," $24,763.73 "," $24,565.62 ", $198.11 ,1%
ST035,SK07767,W04,41," $7,994.59 "," $7,930.63 ", $63.96 ,1%
ST035,SK07767,W06,151," $29,443.49 "," $29,207.94 ", $235.55 ,1%
ST035,SK07767,W08,189," $36,853.11 "," $36,558.29 ", $294.82 ,1%
ST035,SK07767,W10,54," $10,529.46 "," $10,445.22 ", $84.24 ,1%
ST035,SK07767,W13,146," $28,468.54 "," $28,240.79 ", $227.75 ,1%
ST035,SK07767,W19,72," $14,039.28 "," $13,926.97 ", $112.31 ,1%
ST035,SK07767,W20,173," $33,733.27 "," $33,463.40 ", $269.87 ,1%
ST035,SK07767,W26,58," $11,309.42 "," $11,218.94 ", $90.48 ,1%
ST035,SK07767,W35,12," $2,339.88 "," $2,321.16 ", $18.72 ,1%
ST035,SK07767,W38,122," $23,788.78 "," $23,598.47 ", $190.31 ,1%
ST035,SK07767,W39,42," $8,189.58 "," $8,124.06 ", $65.52 ,1%
ST035,SK07767,W44,190," $37,048.10 "," $36,751.72 ", $296.38 ,1%
ST035,SK07767,W45,18," $3,509.82 "," $3,481.74 ", $28.08 ,1%
ST035,SK07782,W13,133," $23,273.67 "," $17,036.33 "," $6,237.34 ",27%
ST035,SK07782,W40,75," $13,124.25 "," $9,606.95 "," $3,517.30 ",27%
ST035,SK07782,W52,125," $21,873.75 "," $16,011.59 "," $5,862.17 ",27%
ST035,SK07944,W03,10, $699.90 , $454.94 , $244.97 ,35%
ST035,SK07944,W09,185," $12,948.15 "," $8,416.30 "," $4,531.85 ",35%
ST035,SK07944,W19,131," $9,168.69 "," $5,959.65 "," $3,209.04 ",35%
ST035,SK07944,W21,151," $10,568.49 "," $6,869.52 "," $3,698.97 ",35%
ST035,SK07944,W26,191," $13,368.09 "," $8,689.26 "," $4,678.83 ",35%
ST035,SK07944,W30,124," $8,678.76 "," $5,641.19 "," $3,037.57 ",35%
ST035,SK07944,W39,114," $7,978.86 "," $5,186.26 "," $2,792.60 ",35%
ST035,SK07944,W40,185," $12,948.15 "," $8,416.30 "," $4,531.85 ",35%
ST035,SK07944,W42,18," $1,259.82 ", $818.88 , $440.94 ,35%
ST035,SK07944,W47,49," $3,429.51 "," $2,229.18 "," $1,200.33 ",35%
ST035,SK08191,W11,88," $9,679.12 "," $4,694.37 "," $4,984.75 ",52%
ST035,SK08191,W20,46," $5,059.54 "," $2,453.88 "," $2,605.66 ",52%
ST035,SK08191,W22,184," $20,238.16 "," $9,815.51 "," $10,422.65 ",52%
ST035,SK08191,W23,118," $12,978.82 "," $6,294.73 "," $6,684.09 ",52%
ST035,SK08191,W28,76," $8,359.24 "," $4,054.23 "," $4,305.01 ",52%
ST035,SK08191,W32,54," $5,939.46 "," $2,880.64 "," $3,058.82 ",52%
ST035,SK08191,W36,7, $769.93 , $373.42 , $396.51 ,52%
ST035,SK08191,W38,114," $12,538.86 "," $6,081.35 "," $6,457.51 ",52%
ST035,SK08191,W51,38," $4,179.62 "," $2,027.12 "," $2,152.50 ",52%
ST035,SK08285,W06,137," $17,123.63 "," $15,103.04 "," $2,020.59 ",12%
ST035,SK08285,W11,74," $9,249.26 "," $8,157.85 "," $1,091.41 ",12%
ST035,SK08285,W28,136," $16,998.64 "," $14,992.80 "," $2,005.84 ",12%
ST035,SK08285,W34,154," $19,248.46 "," $16,977.14 "," $2,271.32 ",12%
ST035,SK08285,W43,15," $1,874.85 "," $1,653.62 ", $221.23 ,12%
ST035,SK08285,W48,6, $749.94 , $661.45 , $88.49 ,12%
ST035,SK08285,W52,46," $5,749.54 "," $5,071.09 ", $678.45 ,12%
ST035,SK08314,W06,51," $3,824.49 ", $439.82 ," $3,384.67 ",89%
ST035,SK08314,W15,27," $2,024.73 ", $232.84 ," $1,791.89 ",89%
ST035,SK08314,W19,112," $8,398.88 ", $965.87 ," $7,433.01 ",89%
ST035,SK08314,W22,112," $8,398.88 ", $965.87 ," $7,433.01 ",89%
ST035,SK08314,W25,169," $12,673.31 "," $1,457.43 "," $11,215.88 ",89%
ST035,SK08314,W30,173," $12,973.27 "," $1,491.93 "," $11,481.34 ",89%
ST035,SK08314,W32,15," $1,124.85 ", $129.36 , $995.49 ,89%
ST035,SK08314,W33,129," $9,673.71 "," $1,112.48 "," $8,561.23 ",89%
ST035,SK08314,W43,149," $11,173.51 "," $1,284.95 "," $9,888.56 ",89%
ST035,SK08373,W12,88," $16,279.12 "," $11,981.43 "," $4,297.69 ",26%
ST035,SK08373,W17,196," $36,258.04 "," $26,685.92 "," $9,572.12 ",26%
ST035,SK08373,W25,8," $1,479.92 "," $1,089.22 ", $390.70 ,26%
ST035,SK08373,W28,194," $35,888.06 "," $26,413.61 "," $9,474.45 ",26%
ST035,SK08373,W31,57," $10,544.43 "," $7,760.70 "," $2,783.73 ",26%
ST035,SK08373,W35,94," $17,389.06 "," $12,798.35 "," $4,590.71 ",26%
ST035,SK08373,W37,75," $13,874.25 "," $10,211.45 "," $3,662.80 ",26%
ST035,SK08373,W47,109," $20,163.91 "," $14,840.64 "," $5,323.27 ",26%
ST035,SK08373,W48,94," $17,389.06 "," $12,798.35 "," $4,590.71 ",26%
ST035,SK08373,W52,134," $24,788.66 "," $18,244.45 "," $6,544.21 ",26%
ST035,SK08443,W08,139," $12,508.61 "," $8,568.40 "," $3,940.21 ",32%
ST035,SK08443,W10,56," $5,039.44 "," $3,452.02 "," $1,587.42 ",32%
ST035,SK08443,W24,109," $9,808.91 "," $6,719.10 "," $3,089.81 ",32%
ST035,SK08443,W31,193," $17,368.07 "," $11,897.13 "," $5,470.94 ",32%
ST035,SK08443,W32,127," $11,428.73 "," $7,828.68 "," $3,600.05 ",32%
ST035,SK08443,W37,134," $12,058.66 "," $8,260.18 "," $3,798.48 ",32%
ST035,SK08443,W46,60," $5,399.40 "," $3,698.59 "," $1,700.81 ",32%
ST035,SK08544,W12,93," $4,184.07 "," $3,824.24 ", $359.83 ,9%
ST035,SK08544,W13,32," $1,439.68 "," $1,315.87 ", $123.81 ,9%
ST035,SK08544,W14,161," $7,243.39 "," $6,620.46 ", $622.93 ,9%
ST035,SK08544,W17,81," $3,644.19 "," $3,330.79 ", $313.40 ,9%
ST035,SK08544,W24,132," $5,938.68 "," $5,427.95 ", $510.73 ,9%
ST035,SK08544,W32,29," $1,304.71 "," $1,192.50 ", $112.21 ,9%
ST035,SK08544,W33,199," $8,953.01 "," $8,183.05 ", $769.96 ,9%
ST035,SK08544,W35,190," $8,548.10 "," $7,812.96 ", $735.14 ,9%
ST035,SK08544,W43,60," $2,699.40 "," $2,467.25 ", $232.15 ,9%
ST035,SK08544,W44,127," $5,713.73 "," $5,222.35 ", $491.38 ,9%
ST035,SK08544,W45,191," $8,593.09 "," $7,854.08 ", $739.01 ,9%
ST035,SK08544,W52,146," $6,568.54 "," $6,003.65 ", $564.89 ,9%
ST035,SK08557,W06,110," $21,448.90 "," $20,805.43 ", $643.47 ,3%
ST035,SK08557,W19,56," $10,919.44 "," $10,591.86 ", $327.58 ,3%
ST035,SK08557,W30,193," $37,633.07 "," $36,504.08 "," $1,128.99 ",3%
ST035,SK08557,W32,81," $15,794.19 "," $15,320.36 ", $473.83 ,3%
ST035,SK08557,W33,149," $29,053.51 "," $28,181.90 ", $871.61 ,3%
ST035,SK08557,W40,40," $7,799.60 "," $7,565.61 ", $233.99 ,3%
ST035,SK08557,W42,19," $3,704.81 "," $3,593.67 ", $111.14 ,3%
ST035,SK08557,W44,192," $37,438.08 "," $36,314.94 "," $1,123.14 ",3%
ST035,SK08557,W47,114," $22,228.86 "," $21,561.99 ", $666.87 ,3%
ST035,SK08557,W49,113," $22,033.87 "," $21,372.85 ", $661.02 ,3%
ST035,SK08783,W11,59," $10,029.41 ", $621.82 ," $9,407.59 ",94%
ST035,SK08783,W15,177," $30,088.23 "," $1,865.47 "," $28,222.76 ",94%
ST035,SK08783,W16,22," $3,739.78 ", $231.87 ," $3,507.91 ",94%
ST035,SK08783,W26,41," $6,969.59 ", $432.11 ," $6,537.48 ",94%
ST035,SK08783,W27,74," $12,579.26 ", $779.91 ," $11,799.35 ",94%
ST035,SK08783,W28,76," $12,919.24 ", $800.99 ," $12,118.25 ",94%
ST035,SK08783,W29,44," $7,479.56 ", $463.73 ," $7,015.83 ",94%
ST035,SK08783,W34,28," $4,759.72 ", $295.10 ," $4,464.62 ",94%
ST035,SK08783,W43,127," $21,588.73 "," $1,338.50 "," $20,250.23 ",94%
ST035,SK08783,W48,57," $9,689.43 ", $600.74 ," $9,088.69 ",94%
ST035,SK09245,W03,151," $24,913.49 "," $26,059.51 "," $(1,146.02)",-5%
ST035,SK09245,W05,87," $14,354.13 "," $15,014.42 ", $(660.29),-5%
ST035,SK09245,W08,59," $9,734.41 "," $10,182.19 ", $(447.78),-5%
ST035,SK09245,W16,155," $25,573.45 "," $26,749.83 "," $(1,176.38)",-5%
ST035,SK09245,W39,3, $494.97 , $517.74 , $(22.77),-5%
ST035,SK09245,W40,18," $2,969.82 "," $3,106.43 ", $(136.61),-5%
ST035,SK09245,W41,44," $7,259.56 "," $7,593.50 ", $(333.94),-5%
ST035,SK09245,W42,133," $21,943.67 "," $22,953.08 "," $(1,009.41)",-5%
ST035,SK09245,W45,62," $10,229.38 "," $10,699.93 ", $(470.55),-5%
ST035,SK09245,W52,57," $9,404.43 "," $9,837.03 ", $(432.60),-5%
ST035,SK09312,W07,13, $129.87 , $25.45 , $104.42 ,80%
ST035,SK09312,W09,11, $109.89 , $21.54 , $88.35 ,80%
ST035,SK09312,W10,17, $169.83 , $33.29 , $136.54 ,80%
ST035,SK09312,W15,175," $1,748.25 ", $342.66 ," $1,405.59 ",80%
ST035,SK09312,W17,179," $1,788.21 ", $350.49 ," $1,437.72 ",80%
ST035,SK09312,W21,144," $1,438.56 ", $281.96 ," $1,156.60 ",80%
ST035,SK09312,W23,70, $699.30 , $137.06 , $562.24 ,80%
ST035,SK09312,W28,90, $899.10 , $176.22 , $722.88 ,80%
ST035,SK09312,W29,46, $459.54 , $90.07 , $369.47 ,80%
ST035,SK09312,W36,174," $1,738.26 ", $340.70 ," $1,397.56 ",80%
ST035,SK09312,W40,101," $1,008.99 ", $197.76 , $811.23 ,80%
ST035,SK09312,W50,45, $449.55 , $88.11 , $361.44 ,80%
ST035,SK09318,W08,200," $8,998.00 "," $2,474.45 "," $6,523.55 ",73%
ST035,SK09318,W09,162," $7,288.38 "," $2,004.30 "," $5,284.08 ",73%
ST035,SK09318,W10,3, $134.97 , $37.12 , $97.85 ,73%
ST035,SK09318,W13,122," $5,488.78 "," $1,509.41 "," $3,979.37 ",73%
ST035,SK09318,W18,197," $8,863.03 "," $2,437.33 "," $6,425.70 ",73%
ST035,SK09318,W20,3, $134.97 , $37.12 , $97.85 ,73%
ST035,SK09318,W25,58," $2,609.42 ", $717.59 ," $1,891.83 ",73%
ST035,SK09318,W32,11, $494.89 , $136.09 , $358.80 ,73%
ST035,SK09318,W33,107," $4,813.93 "," $1,323.83 "," $3,490.10 ",73%
ST035,SK09318,W38,191," $8,593.09 "," $2,363.10 "," $6,229.99 ",73%
ST035,SK09318,W47,19, $854.81 , $235.07 , $619.74 ,73%
ST035,SK09318,W51,81," $3,644.19 "," $1,002.15 "," $2,642.04 ",73%
ST035,SK09318,W52,127," $5,713.73 "," $1,571.28 "," $4,142.45 ",73%
ST035,SK09414,W04,74," $3,329.26 ", $332.93 ," $2,996.33 ",90%
ST035,SK09414,W07,161," $7,243.39 ", $724.34 ," $6,519.05 ",90%
ST035,SK09414,W14,184," $8,278.16 ", $827.82 ," $7,450.34 ",90%
ST035,SK09414,W15,126," $5,668.74 ", $566.87 ," $5,101.87 ",90%
ST035,SK09414,W17,168," $7,558.32 ", $755.83 ," $6,802.49 ",90%
ST035,SK09414,W19,172," $7,738.28 ", $773.83 ," $6,964.45 ",90%
ST035,SK09414,W28,194," $8,728.06 ", $872.81 ," $7,855.25 ",90%
ST035,SK09414,W30,68," $3,059.32 ", $305.93 ," $2,753.39 ",90%
ST035,SK09414,W32,34," $1,529.66 ", $152.97 ," $1,376.69 ",90%
ST035,SK09414,W33,39," $1,754.61 ", $175.46 ," $1,579.15 ",90%
ST035,SK09414,W36,197," $8,863.03 ", $886.30 ," $7,976.73 ",90%
ST035,SK09414,W38,189," $8,503.11 ", $850.31 ," $7,652.80 ",90%
ST035,SK09414,W46,32," $1,439.68 ", $143.97 ," $1,295.71 ",90%
ST035,SK09453,W02,72," $7,919.28 "," $7,238.22 ", $681.06 ,9%
ST035,SK09453,W03,169," $18,588.31 "," $16,989.72 "," $1,598.59 ",9%
ST035,SK09453,W07,98," $10,779.02 "," $9,852.02 ", $927.00 ,9%
ST035,SK09453,W11,168," $18,478.32 "," $16,889.18 "," $1,589.14 ",9%
ST035,SK09453,W15,91," $10,009.09 "," $9,148.31 ", $860.78 ,9%
ST035,SK09453,W30,106," $11,658.94 "," $10,656.27 "," $1,002.67 ",9%
ST035,SK09453,W32,7, $769.93 , $703.72 , $66.21 ,9%
ST035,SK09453,W36,125," $13,748.75 "," $12,566.36 "," $1,182.39 ",9%
ST035,SK09453,W38,126," $13,858.74 "," $12,666.89 "," $1,191.85 ",9%
ST035,SK09453,W39,107," $11,768.93 "," $10,756.80 "," $1,012.13 ",9%
ST035,SK09453,W43,94," $10,339.06 "," $9,449.90 ", $889.16 ,9%
ST035,SK09453,W45,93," $10,229.07 "," $9,349.37 ", $879.70 ,9%
ST035,SK09453,W46,89," $9,789.11 "," $8,947.25 ", $841.86 ,9%
ST035,SK09469,W22,127," $13,968.73 "," $9,987.64 "," $3,981.09 ",29%
ST035,SK09469,W30,23," $2,529.77 "," $1,808.79 ", $720.98 ,29%
ST035,SK09469,W33,1, $109.99 , $78.64 , $31.35 ,29%
ST035,SK09469,W38,17," $1,869.83 "," $1,336.93 ", $532.90 ,29%
ST035,SK09469,W39,153," $16,828.47 "," $12,032.36 "," $4,796.11 ",29%
ST035,SK09469,W44,95," $10,449.05 "," $7,471.07 "," $2,977.98 ",29%
ST035,SK09469,W46,100," $10,999.00 "," $7,864.29 "," $3,134.72 ",29%
ST035,SK09469,W49,185," $20,348.15 "," $14,548.93 "," $5,799.22 ",29%
ST035,SK09592,W09,24," $4,199.76 "," $3,788.18 ", $411.58 ,10%
ST035,SK09592,W11,147," $25,723.53 "," $23,202.62 "," $2,520.91 ",10%
ST035,SK09592,W19,132," $23,098.68 "," $20,835.01 "," $2,263.67 ",10%
ST035,SK09592,W25,100," $17,499.00 "," $15,784.10 "," $1,714.90 ",10%
ST035,SK09592,W27,60," $10,499.40 "," $9,470.46 "," $1,028.94 ",10%
ST035,SK09592,W30,62," $10,849.38 "," $9,786.14 "," $1,063.24 ",10%
ST035,SK09592,W38,102," $17,848.98 "," $16,099.78 "," $1,749.20 ",10%
ST035,SK09592,W40,23," $4,024.77 "," $3,630.34 ", $394.43 ,10%
ST035,SK09659,W02,132," $9,238.68 "," $7,677.34 "," $1,561.34 ",17%
ST035,SK09659,W15,50," $3,499.50 "," $2,908.08 ", $591.42 ,17%
ST035,SK09659,W16,175," $12,248.25 "," $10,178.30 "," $2,069.95 ",17%
ST035,SK09659,W25,164," $11,478.36 "," $9,538.52 "," $1,939.84 ",17%
ST035,SK09659,W26,11, $769.89 , $639.78 , $130.11 ,17%
ST035,SK09659,W42,32," $2,239.68 "," $1,861.17 ", $378.51 ,17%
ST035,SK09659,W44,60," $4,199.40 "," $3,489.70 ", $709.70 ,17%
ST035,SK09659,W45,11, $769.89 , $639.78 , $130.11 ,17%
ST035,SK09659,W48,62," $4,339.38 "," $3,606.02 ", $733.36 ,17%
ST035,SK09728,W02,13, $649.87 , $699.26 , $(49.39),-8%
ST035,SK09728,W07,59," $2,949.41 "," $3,173.57 ", $(224.16),-8%
ST035,SK09728,W23,173," $8,648.27 "," $9,305.54 ", $(657.27),-8%
ST035,SK09728,W24,98," $4,899.02 "," $5,271.35 ", $(372.33),-8%
ST035,SK09728,W26,114," $5,698.86 "," $6,131.97 ", $(433.11),-8%
ST035,SK09728,W29,157," $7,848.43 "," $8,444.91 ", $(596.48),-8%
ST035,SK09728,W32,40," $1,999.60 "," $2,151.57 ", $(151.97),-8%
ST035,SK09728,W38,67," $3,349.33 "," $3,603.88 ", $(254.55),-8%
ST035,SK09728,W40,188," $9,398.12 "," $10,112.38 ", $(714.26),-8%
ST035,SK09816,W11,10," $1,349.90 ", $958.43 , $391.47 ,29%
ST035,SK09816,W13,37," $4,994.63 "," $3,546.19 "," $1,448.44 ",29%
ST035,SK09816,W14,26," $3,509.74 "," $2,491.92 "," $1,017.82 ",29%
ST035,SK09816,W18,181," $24,433.19 "," $17,347.56 "," $7,085.63 ",29%
ST035,SK09816,W29,34," $4,589.66 "," $3,258.66 "," $1,331.00 ",29%
ST035,SK09816,W32,162," $21,868.38 "," $15,526.55 "," $6,341.83 ",29%
ST035,SK09816,W43,177," $23,893.23 "," $16,964.19 "," $6,929.04 ",29%
ST035,SK10226,W04,198," $8,908.02 ", $481.03 ," $8,426.99 ",95%
ST035,SK10226,W08,49," $2,204.51 ", $119.04 ," $2,085.47 ",95%
ST035,SK10226,W10,129," $5,803.71 ", $313.40 ," $5,490.31 ",95%
ST035,SK10226,W17,98," $4,409.02 ", $238.09 ," $4,170.93 ",95%
ST035,SK10226,W24,129," $5,803.71 ", $313.40 ," $5,490.31 ",95%
ST035,SK10226,W33,160," $7,198.40 ", $388.71 ," $6,809.69 ",95%
ST035,SK10226,W36,133," $5,983.67 ", $323.12 ," $5,660.55 ",95%
ST035,SK10226,W41,109," $4,903.91 ", $264.81 ," $4,639.10 ",95%
ST035,SK10226,W45,150," $6,748.50 ", $364.42 ," $6,384.08 ",95%
ST035,SK10286,W01,144," $9,358.56 "," $7,645.94 "," $1,712.62 ",18%
ST035,SK10286,W05,121," $7,863.79 "," $6,424.72 "," $1,439.07 ",18%
ST035,SK10286,W09,148," $9,618.52 "," $7,858.33 "," $1,760.19 ",18%
ST035,SK10286,W10,114," $7,408.86 "," $6,053.04 "," $1,355.82 ",18%
ST035,SK10286,W12,19," $1,234.81 "," $1,008.84 ", $225.97 ,18%
ST035,SK10286,W14,95," $6,174.05 "," $5,044.20 "," $1,129.85 ",18%
ST035,SK10286,W18,152," $9,878.48 "," $8,070.72 "," $1,807.76 ",18%
ST035,SK10286,W25,197," $12,803.03 "," $10,460.08 "," $2,342.95 ",18%
ST035,SK10286,W29,35," $2,274.65 "," $1,858.39 ", $416.26 ,18%
ST035,SK10286,W38,34," $2,209.66 "," $1,805.29 ", $404.37 ,18%
ST035,SK10286,W42,153," $9,943.47 "," $8,123.81 "," $1,819.66 ",18%
ST035,SK10286,W49,58," $3,769.42 "," $3,079.62 ", $689.80 ,18%
ST035,SK10286,W51,177," $11,503.23 "," $9,398.14 "," $2,105.09 ",18%
ST035,SK10304,W06,183," $25,618.17 "," $4,124.53 "," $21,493.64 ",84%
ST035,SK10304,W12,56," $7,839.44 "," $1,262.15 "," $6,577.29 ",84%
ST035,SK10304,W16,45," $6,299.55 "," $1,014.23 "," $5,285.32 ",84%
ST035,SK10304,W27,128," $17,918.72 "," $2,884.91 "," $15,033.81 ",84%
ST035,SK10304,W33,62," $8,679.38 "," $1,397.38 "," $7,282.00 ",84%
ST035,SK10304,W34,102," $14,278.98 "," $2,298.92 "," $11,980.06 ",84%
ST035,SK10304,W41,35," $4,899.65 ", $788.84 ," $4,110.81 ",84%
ST035,SK10304,W45,114," $15,958.86 "," $2,569.38 "," $13,389.48 ",84%
ST035,SK10304,W52,26," $3,639.74 ", $586.00 ," $3,053.74 ",84%
ST035,SK10514,W15,31," $3,409.69 "," $2,011.72 "," $1,397.97 ",41%
ST035,SK10514,W20,58," $6,379.42 "," $3,763.86 "," $2,615.56 ",41%
ST035,SK10514,W24,72," $7,919.28 "," $4,672.38 "," $3,246.90 ",41%
ST035,SK10514,W36,101," $11,108.99 "," $6,554.30 "," $4,554.69 ",41%
ST035,SK10514,W51,184," $20,238.16 "," $11,940.51 "," $8,297.65 ",41%
ST035,SK10565,W02,64," $11,199.36 ", $111.99 ," $11,087.37 ",99%
ST035,SK10565,W04,159," $27,823.41 ", $278.23 ," $27,545.18 ",99%
ST035,SK10565,W19,82," $14,349.18 ", $143.49 ," $14,205.69 ",99%
ST035,SK10565,W22,87," $15,224.13 ", $152.24 ," $15,071.89 ",99%
ST035,SK10565,W33,147," $25,723.53 ", $257.24 ," $25,466.29 ",99%
ST035,SK10565,W40,66," $11,549.34 ", $115.49 ," $11,433.85 ",99%
ST035,SK10565,W41,141," $24,673.59 ", $246.74 ," $24,426.85 ",99%
ST035,SK10565,W46,17," $2,974.83 ", $29.75 ," $2,945.08 ",99%
ST035,SK10717,W05,190," $18,048.10 "," $9,475.25 "," $8,572.85 ",48%
ST035,SK10717,W09,126," $11,968.74 "," $6,283.59 "," $5,685.15 ",48%
ST035,SK10717,W11,147," $13,963.53 "," $7,330.85 "," $6,632.68 ",48%
ST035,SK10717,W13,44," $4,179.56 "," $2,194.27 "," $1,985.29 ",48%
ST035,SK10717,W15,177," $16,813.23 "," $8,826.95 "," $7,986.28 ",48%
ST035,SK10717,W21,80," $7,599.20 "," $3,989.58 "," $3,609.62 ",48%
ST035,SK10717,W25,82," $7,789.18 "," $4,089.32 "," $3,699.86 ",48%
ST035,SK10717,W33,184," $17,478.16 "," $9,176.03 "," $8,302.13 ",48%
ST035,SK10717,W42,21," $1,994.79 "," $1,047.26 ", $947.53 ,48%
ST035,SK10760,W13,107," $12,838.93 "," $3,094.18 "," $9,744.75 ",76%
ST035,SK10760,W18,48," $5,759.52 "," $1,388.04 "," $4,371.48 ",76%
ST035,SK10760,W27,175," $20,998.25 "," $5,060.58 "," $15,937.67 ",76%
ST035,SK10760,W36,163," $19,558.37 "," $4,713.57 "," $14,844.80 ",76%
ST035,SK10760,W49,79," $9,479.21 "," $2,284.49 "," $7,194.72 ",76%
ST035,SK11103,W20,128," $3,198.72 "," $3,179.53 ", $19.19 ,1%
ST035,SK11103,W26,38, $949.62 , $943.92 , $5.70 ,1%
ST035,SK11103,W28,200," $4,998.00 "," $4,968.01 ", $29.99 ,1%
ST035,SK11103,W29,129," $3,223.71 "," $3,204.37 ", $19.34 ,1%
ST035,SK11103,W33,179," $4,473.21 "," $4,446.37 ", $26.84 ,1%
ST035,SK11103,W48,84," $2,099.16 "," $2,086.57 ", $12.59 ,1%
ST035,SK11147,W16,74," $13,689.26 "," $4,832.31 "," $8,856.95 ",65%
ST035,SK11147,W21,71," $13,134.29 "," $4,636.40 "," $8,497.89 ",65%
ST035,SK11147,W22,177," $32,743.23 "," $11,558.36 "," $21,184.87 ",65%
ST035,SK11147,W28,37," $6,844.63 "," $2,416.15 "," $4,428.48 ",65%
ST035,SK11147,W31,165," $30,523.35 "," $10,774.74 "," $19,748.61 ",65%
ST035,SK11147,W36,39," $7,214.61 "," $2,546.76 "," $4,667.85 ",65%
ST035,SK11147,W38,131," $24,233.69 "," $8,554.49 "," $15,679.20 ",65%
ST035,SK11147,W43,25," $4,624.75 "," $1,632.54 "," $2,992.21 ",65%
ST035,SK11147,W45,96," $17,759.04 "," $6,268.94 "," $11,490.10 ",65%
ST035,SK11147,W50,125," $23,123.75 "," $8,162.68 "," $14,961.07 ",65%
ST035,SK11260,W06,66," $6,929.34 "," $3,436.95 "," $3,492.39 ",50%
ST035,SK11260,W09,85," $8,924.15 "," $4,426.38 "," $4,497.77 ",50%
ST035,SK11260,W10,91," $9,554.09 "," $4,738.83 "," $4,815.26 ",50%
ST035,SK11260,W12,105," $11,023.95 "," $5,467.88 "," $5,556.07 ",50%
ST035,SK11260,W17,196," $20,578.04 "," $10,206.71 "," $10,371.33 ",50%
ST035,SK11260,W22,95," $9,974.05 "," $4,947.13 "," $5,026.92 ",50%
ST035,SK11260,W29,91," $9,554.09 "," $4,738.83 "," $4,815.26 ",50%
ST035,SK11260,W43,108," $11,338.92 "," $5,624.10 "," $5,714.82 ",50%
ST035,SK11260,W44,34," $3,569.66 "," $1,770.55 "," $1,799.11 ",50%
ST035,SK11260,W45,39," $4,094.61 "," $2,030.93 "," $2,063.68 ",50%
ST035,SK11260,W49,195," $20,473.05 "," $10,154.63 "," $10,318.42 ",50%
ST035,SK11260,W51,38," $3,989.62 "," $1,978.85 "," $2,010.77 ",50%
ST035,SK11808,W03,36," $5,399.64 "," $5,194.45 ", $205.19 ,4%
ST035,SK11808,W06,2, $299.98 , $288.58 , $11.40 ,4%
ST035,SK11808,W08,12," $1,799.88 "," $1,731.48 ", $68.40 ,4%
ST035,SK11808,W10,68," $10,199.32 "," $9,811.75 ", $387.57 ,4%
ST035,SK11808,W11,44," $6,599.56 "," $6,348.78 ", $250.78 ,4%
ST035,SK11808,W12,83," $12,449.17 "," $11,976.10 ", $473.07 ,4%
ST035,SK11808,W16,103," $15,448.97 "," $14,861.91 ", $587.06 ,4%
ST035,SK11808,W18,46," $6,899.54 "," $6,637.36 ", $262.18 ,4%
ST035,SK11808,W21,191," $28,648.09 "," $27,559.46 "," $1,088.63 ",4%
ST035,SK11808,W32,61," $9,149.39 "," $8,801.71 ", $347.68 ,4%
ST035,SK11808,W33,83," $12,449.17 "," $11,976.10 ", $473.07 ,4%
ST035,SK11808,W37,194," $29,098.06 "," $27,992.33 "," $1,105.73 ",4%
ST035,SK11808,W43,170," $25,498.30 "," $24,529.36 ", $968.94 ,4%
ST035,SK11808,W45,175," $26,248.25 "," $25,250.82 ", $997.43 ,4%
ST035,SK11808,W49,168," $25,198.32 "," $24,240.78 ", $957.54 ,4%
ST035,SK11808,W50,57," $8,549.43 "," $8,224.55 ", $324.88 ,4%
ST035,SK11860,W02,34," $3,739.66 ", $108.45 ," $3,631.21 ",97%
ST035,SK11860,W05,79," $8,689.21 ", $251.99 ," $8,437.22 ",97%
ST035,SK11860,W08,183," $20,128.17 ", $583.72 ," $19,544.45 ",97%
ST035,SK11860,W09,189," $20,788.11 ", $602.86 ," $20,185.25 ",97%
ST035,SK11860,W10,8, $879.92 , $25.52 , $854.40 ,97%
ST035,SK11860,W12,84," $9,239.16 ", $267.94 ," $8,971.22 ",97%
ST035,SK11860,W18,43," $4,729.57 ", $137.16 ," $4,592.41 ",97%
ST035,SK11860,W24,197," $21,668.03 ", $628.37 ," $21,039.66 ",97%
ST035,SK11860,W30,8, $879.92 , $25.52 , $854.40 ,97%
ST035,SK11860,W36,172," $18,918.28 ", $548.63 ," $18,369.65 ",97%
ST035,SK11860,W43,190," $20,898.10 ", $606.04 ," $20,292.06 ",97%
ST035,SK11860,W52,124," $13,638.76 ", $395.52 ," $13,243.24 ",97%
ST035,SK12148,W01,85," $13,599.15 "," $9,274.62 "," $4,324.53 ",32%
ST035,SK12148,W07,40," $6,399.60 "," $4,364.53 "," $2,035.07 ",32%
ST035,SK12148,W08,113," $18,078.87 "," $12,329.79 "," $5,749.08 ",32%
ST035,SK12148,W12,53," $8,479.47 "," $5,783.00 "," $2,696.47 ",32%
ST035,SK12148,W14,126," $20,158.74 "," $13,748.26 "," $6,410.48 ",32%
ST035,SK12148,W15,108," $17,278.92 "," $11,784.22 "," $5,494.70 ",32%
ST035,SK12148,W21,2, $319.98 , $218.23 , $101.75 ,32%
ST035,SK12148,W23,187," $29,918.13 "," $20,404.16 "," $9,513.97 ",32%
ST035,SK12148,W26,44," $7,039.56 "," $4,800.98 "," $2,238.58 ",32%
ST035,SK12148,W29,4, $639.96 , $436.45 , $203.51 ,32%
ST035,SK12148,W30,11," $1,759.89 "," $1,200.24 ", $559.65 ,32%
ST035,SK12148,W34,181," $28,958.19 "," $19,749.49 "," $9,208.70 ",32%
ST035,SK12148,W38,11," $1,759.89 "," $1,200.24 ", $559.65 ,32%
ST035,SK12148,W41,74," $11,839.26 "," $8,074.38 "," $3,764.88 ",32%
ST035,SK12148,W45,160," $25,598.40 "," $17,458.11 "," $8,140.29 ",32%
ST035,SK12148,W48,44," $7,039.56 "," $4,800.98 "," $2,238.58 ",32%
ST035,SK12148,W49,115," $18,398.85 "," $12,548.02 "," $5,850.83 ",32%
ST035,SK12148,W52,14," $2,239.86 "," $1,527.58 ", $712.28 ,32%
ST035,SK12418,W10,170," $8,498.30 "," $8,481.30 ", $17.00 ,0%
ST035,SK12418,W12,97," $4,849.03 "," $4,839.33 ", $9.70 ,0%
ST035,SK12418,W14,197," $9,848.03 "," $9,828.33 ", $19.70 ,0%
ST035,SK12418,W21,3, $149.97 , $149.67 , $0.30 ,0%
ST035,SK12418,W25,73," $3,649.27 "," $3,641.97 ", $7.30 ,0%
ST035,SK12418,W29,52," $2,599.48 "," $2,594.28 ", $5.20 ,0%
ST035,SK12418,W33,96," $4,799.04 "," $4,789.44 ", $9.60 ,0%
ST035,SK12418,W35,193," $9,648.07 "," $9,628.77 ", $19.30 ,0%
ST035,SK12418,W36,0, $-   , $-   , $-   ,0%
ST035,SK12418,W38,20, $999.80 , $997.80 , $2.00 ,0%
ST035,SK12418,W39,99," $4,949.01 "," $4,939.11 ", $9.90 ,0%
ST035,SK12418,W44,47," $2,349.53 "," $2,344.83 ", $4.70 ,0%
ST035,SK12418,W47,119," $5,948.81 "," $5,936.91 ", $11.90 ,0%
ST035,SK12418,W49,167," $8,348.33 "," $8,331.63 ", $16.70 ,0%
ST035,SK12460,W07,189, $943.11 , $129.21 , $813.90 ,86%
ST035,SK12460,W13,140, $698.60 , $95.71 , $602.89 ,86%
ST035,SK12460,W16,1, $4.99 , $0.68 , $4.31 ,86%
ST035,SK12460,W26,138, $688.62 , $94.34 , $594.28 ,86%
ST035,SK12460,W31,33, $164.67 , $22.56 , $142.11 ,86%
ST035,SK12460,W32,137, $683.63 , $93.66 , $589.97 ,86%
ST035,SK12460,W38,91, $454.09 , $62.21 , $391.88 ,86%
ST035,SK12460,W41,18, $89.82 , $12.31 , $77.51 ,86%
ST035,SK12460,W45,80, $399.20 , $54.69 , $344.51 ,86%
ST035,SK12460,W46,131, $653.69 , $89.56 , $564.13 ,86%
ST035,SK12478,W01,35," $6,474.65 "," $1,385.58 "," $5,089.07 ",79%
ST035,SK12478,W02,167," $30,893.33 "," $6,611.17 "," $24,282.16 ",79%
ST035,SK12478,W04,194," $35,888.06 "," $7,680.04 "," $28,208.02 ",79%
ST035,SK12478,W12,3, $554.97 , $118.76 , $436.21 ,79%
ST035,SK12478,W20,172," $31,818.28 "," $6,809.11 "," $25,009.17 ",79%
ST035,SK12478,W25,102," $18,868.98 "," $4,037.96 "," $14,831.02 ",79%
ST035,SK12478,W31,85," $15,724.15 "," $3,364.97 "," $12,359.18 ",79%
ST035,SK12478,W44,20," $3,699.80 ", $791.76 ," $2,908.04 ",79%
ST035,SK12670,W12,151," $29,443.49 "," $8,067.52 "," $21,375.97 ",73%
ST035,SK12670,W13,186," $36,268.14 "," $9,937.47 "," $26,330.67 ",73%
ST035,SK12670,W16,114," $22,228.86 "," $6,090.71 "," $16,138.15 ",73%
ST035,SK12670,W20,4, $779.96 , $213.71 , $566.25 ,73%
ST035,SK12670,W25,17," $3,314.83 ", $908.26 ," $2,406.57 ",73%
ST035,SK12670,W28,46," $8,969.54 "," $2,457.65 "," $6,511.89 ",73%
ST035,SK12670,W33,89," $17,354.11 "," $4,755.03 "," $12,599.08 ",73%
ST035,SK12670,W46,122," $23,788.78 "," $6,518.13 "," $17,270.65 ",73%
ST035,SK12670,W51,75," $14,624.25 "," $4,007.04 "," $10,617.21 ",73%
ST035,SK12670,W52,42," $8,189.58 "," $2,243.94 "," $5,945.64 ",73%
ST035,SK12760,W01,133," $1,328.67 "," $1,267.55 ", $61.12 ,5%
ST035,SK12760,W02,27, $269.73 , $257.32 , $12.41 ,5%
ST035,SK12760,W09,167," $1,668.33 "," $1,591.59 ", $76.74 ,5%
ST035,SK12760,W10,183," $1,828.17 "," $1,744.07 ", $84.10 ,5%
ST035,SK12760,W12,123," $1,228.77 "," $1,172.25 ", $56.52 ,5%
ST035,SK12760,W14,19, $189.81 , $181.08 , $8.73 ,5%
ST035,SK12760,W18,196," $1,958.04 "," $1,867.97 ", $90.07 ,5%
ST035,SK12760,W26,197," $1,968.03 "," $1,877.50 ", $90.53 ,5%
ST035,SK12760,W35,113," $1,128.87 "," $1,076.94 ", $51.93 ,5%
ST035,SK12760,W37,193," $1,928.07 "," $1,839.38 ", $88.69 ,5%
ST035,SK12760,W40,14, $139.86 , $133.43 , $6.43 ,5%
ST035,SK12760,W50,184," $1,838.16 "," $1,753.60 ", $84.56 ,5%
ST035,SK12773,W06,14," $2,169.86 ", $752.94 ," $1,416.92 ",65%
ST035,SK12773,W07,120," $18,598.80 "," $6,453.78 "," $12,145.02 ",65%
ST035,SK12773,W11,22," $3,409.78 "," $1,183.19 "," $2,226.59 ",65%
ST035,SK12773,W15,159," $24,643.41 "," $8,551.26 "," $16,092.15 ",65%
ST035,SK12773,W16,192," $29,758.08 "," $10,326.05 "," $19,432.03 ",65%
ST035,SK12773,W22,56," $8,679.44 "," $3,011.77 "," $5,667.67 ",65%
ST035,SK12773,W25,69," $10,694.31 "," $3,710.93 "," $6,983.38 ",65%
ST035,SK12773,W29,112," $17,358.88 "," $6,023.53 "," $11,335.35 ",65%
ST035,SK12773,W30,23," $3,564.77 "," $1,236.98 "," $2,327.79 ",65%
ST035,SK12773,W33,139," $21,543.61 "," $7,475.63 "," $14,067.98 ",65%
ST035,SK12773,W46,73," $11,314.27 "," $3,926.05 "," $7,388.22 ",65%
ST035,SK12773,W47,24," $3,719.76 "," $1,290.76 "," $2,429.00 ",65%
ST035,SK12773,W51,76," $11,779.24 "," $4,087.40 "," $7,691.84 ",65%
ST035,SK12773,W52,191," $29,603.09 "," $10,272.27 "," $19,330.82 ",65%
ST035,SK12919,W01,169," $18,588.31 "," $15,130.88 "," $3,457.43 ",19%
ST035,SK12919,W11,132," $14,518.68 "," $11,818.21 "," $2,700.47 ",19%
ST035,SK12919,W28,82," $9,019.18 "," $7,341.61 "," $1,677.57 ",19%
ST035,SK12919,W44,171," $18,808.29 "," $15,309.95 "," $3,498.34 ",19%
ST035,SK12919,W46,82," $9,019.18 "," $7,341.61 "," $1,677.57 ",19%
ST035,SK12919,W47,101," $11,108.99 "," $9,042.72 "," $2,066.27 ",19%
ST035,SK13050,W21,32," $4,319.68 "," $2,419.02 "," $1,900.66 ",44%
ST035,SK13050,W25,156," $21,058.44 "," $11,792.73 "," $9,265.71 ",44%
ST035,SK13050,W26,34," $4,589.66 "," $2,570.21 "," $2,019.45 ",44%
ST035,SK13050,W39,56," $7,559.44 "," $4,233.29 "," $3,326.15 ",44%
ST035,SK13050,W41,135," $18,223.65 "," $10,205.24 "," $8,018.41 ",44%
ST035,SK13050,W46,150," $20,248.50 "," $11,339.16 "," $8,909.34 ",44%
ST035,SK13226,W07,176," $12,318.24 "," $11,431.33 ", $886.91 ,7%
ST035,SK13226,W16,193," $13,508.07 "," $12,535.49 ", $972.58 ,7%
ST035,SK13226,W26,49," $3,429.51 "," $3,182.59 ", $246.92 ,7%
ST035,SK13226,W32,55," $3,849.45 "," $3,572.29 ", $277.16 ,7%
ST035,SK13226,W45,42," $2,939.58 "," $2,727.93 ", $211.65 ,7%
ST035,SK13226,W50,156," $10,918.44 "," $10,132.31 ", $786.13 ,7%
ST035,SK13248,W01,71," $8,874.29 "," $1,650.62 "," $7,223.67 ",81%
ST035,SK13248,W06,78," $9,749.22 "," $1,813.35 "," $7,935.87 ",81%
ST035,SK13248,W11,63," $7,874.37 "," $1,464.63 "," $6,409.74 ",81%
ST035,SK13248,W16,169," $21,123.31 "," $3,928.94 "," $17,194.37 ",81%
ST035,SK13248,W20,34," $4,249.66 ", $790.44 ," $3,459.22 ",81%
ST035,SK13248,W22,0, $-   , $-   , $-   ,0%
ST035,SK13248,W29,169," $21,123.31 "," $3,928.94 "," $17,194.37 ",81%
ST035,SK13248,W30,151," $18,873.49 "," $3,510.47 "," $15,363.02 ",81%
ST035,SK13248,W47,81," $10,124.19 "," $1,883.10 "," $8,241.09 ",81%
ST035,SK13248,W49,46," $5,749.54 "," $1,069.41 "," $4,680.13 ",81%
ST035,SK13498,W12,149," $20,858.51 "," $11,493.04 "," $9,365.47 ",45%
ST035,SK13498,W26,179," $25,058.21 "," $13,807.07 "," $11,251.14 ",45%
ST035,SK13498,W27,179," $25,058.21 "," $13,807.07 "," $11,251.14 ",45%
ST035,SK13498,W34,7, $979.93 , $539.94 , $439.99 ,45%
ST035,SK13532,W06,109," $1,633.91 "," $1,168.25 ", $465.66 ,29%
ST035,SK13532,W07,72," $1,079.28 ", $771.69 , $307.59 ,29%
ST035,SK13532,W09,2, $29.98 , $21.44 , $8.54 ,29%
ST035,SK13532,W10,193," $2,893.07 "," $2,068.55 ", $824.52 ,29%
ST035,SK13532,W11,12, $179.88 , $128.61 , $51.27 ,29%
ST035,SK13532,W16,198," $2,968.02 "," $2,122.13 ", $845.89 ,29%
ST035,SK13532,W23,55, $824.45 , $589.48 , $234.97 ,29%
ST035,SK13532,W27,152," $2,278.48 "," $1,629.11 ", $649.37 ,29%
ST035,SK13532,W30,48, $719.52 , $514.46 , $205.06 ,29%
ST035,SK13532,W33,0, $-   , $-   , $-   ,0%
ST035,SK13532,W41,67," $1,004.33 ", $718.10 , $286.23 ,29%
ST035,SK13532,W42,1, $14.99 , $10.72 , $4.27 ,29%
ST035,SK13532,W47,35, $524.65 , $375.12 , $149.53 ,29%
ST035,SK13532,W50,186," $2,788.14 "," $1,993.52 ", $794.62 ,29%
ST035,SK13740,W03,172," $2,578.28 ", $783.80 ," $1,794.48 ",70%
ST035,SK13740,W16,161," $2,413.39 ", $733.67 ," $1,679.72 ",70%
ST035,SK13740,W24,10, $149.90 , $45.57 , $104.33 ,70%
ST035,SK13740,W29,153," $2,293.47 ", $697.21 ," $1,596.26 ",70%
ST035,SK13740,W35,84," $1,259.16 ", $382.78 , $876.38 ,70%
ST035,SK13740,W37,62, $929.38 , $282.53 , $646.85 ,70%
ST035,SK13740,W38,176," $2,638.24 ", $802.02 ," $1,836.22 ",70%
ST035,SK13740,W39,190," $2,848.10 ", $865.82 ," $1,982.28 ",70%
ST035,SK13740,W44,12, $179.88 , $54.68 , $125.20 ,70%
ST035,SK13740,W45,50, $749.50 , $227.85 , $521.65 ,70%
ST035,SK13740,W52,184," $2,758.16 ", $838.48 ," $1,919.68 ",70%
ST035,SK13952,W04,138," $27,598.62 "," $15,979.60 "," $11,619.02 ",42%
ST035,SK13952,W07,66," $13,199.34 "," $7,642.42 "," $5,556.92 ",42%
ST035,SK13952,W22,49," $9,799.51 "," $5,673.92 "," $4,125.59 ",42%
ST035,SK13952,W25,110," $21,998.90 "," $12,737.36 "," $9,261.54 ",42%
ST035,SK13952,W26,168," $33,598.32 "," $19,453.43 "," $14,144.89 ",42%
ST035,SK13952,W29,102," $20,398.98 "," $11,811.01 "," $8,587.97 ",42%
ST035,SK13952,W38,63," $12,599.37 "," $7,295.04 "," $5,304.33 ",42%
ST035,SK13952,W44,68," $13,599.32 "," $7,874.01 "," $5,725.31 ",42%
ST035,SK13952,W45,92," $18,399.08 "," $10,653.07 "," $7,746.01 ",42%
ST035,SK13952,W47,18," $3,599.82 "," $2,084.30 "," $1,515.52 ",42%
ST035,SK13952,W48,0, $-   , $-   , $-   ,0%
ST035,SK14045,W01,184," $22,998.16 "," $9,958.20 "," $13,039.96 ",57%
ST035,SK14045,W07,80," $9,999.20 "," $4,329.65 "," $5,669.55 ",57%
ST035,SK14045,W15,126," $15,748.74 "," $6,819.20 "," $8,929.54 ",57%
ST035,SK14045,W25,191," $23,873.09 "," $10,337.05 "," $13,536.04 ",57%
ST035,SK14045,W35,187," $23,373.13 "," $10,120.57 "," $13,252.56 ",57%
ST035,SK14045,W37,145," $18,123.55 "," $7,847.50 "," $10,276.05 ",57%
ST035,SK14045,W38,46," $5,749.54 "," $2,489.55 "," $3,259.99 ",57%
ST035,SK14045,W47,49," $6,124.51 "," $2,651.91 "," $3,472.60 ",57%
ST035,SK14045,W48,169," $21,123.31 "," $9,146.39 "," $11,976.92 ",57%
ST035,SK14045,W51,12," $1,499.88 ", $649.45 , $850.43 ,57%
ST035,SK14051,W11,126," $2,518.74 ", $455.89 ," $2,062.85 ",82%
ST035,SK14051,W15,62," $1,239.38 ", $224.33 ," $1,015.05 ",82%
ST035,SK14051,W17,56," $1,119.44 ", $202.62 , $916.82 ,82%
ST035,SK14051,W18,117," $2,338.83 ", $423.33 ," $1,915.50 ",82%
ST035,SK14051,W19,33, $659.67 , $119.40 , $540.27 ,82%
ST035,SK14051,W21,83," $1,659.17 ", $300.31 ," $1,358.86 ",82%
ST035,SK14051,W24,85," $1,699.15 ", $307.55 ," $1,391.60 ",82%
ST035,SK14051,W26,18, $359.82 , $65.13 , $294.69 ,82%
ST035,SK14051,W27,104," $2,078.96 ", $376.29 ," $1,702.67 ",82%
ST035,SK14051,W28,29, $579.71 , $104.93 , $474.78 ,82%
ST035,SK14051,W30,20, $399.80 , $72.36 , $327.44 ,82%
ST035,SK14051,W34,44, $879.56 , $159.20 , $720.36 ,82%
ST035,SK14051,W38,7, $139.93 , $25.33 , $114.60 ,82%
ST035,SK14051,W42,112," $2,238.88 ", $405.24 ," $1,833.64 ",82%
ST035,SK14051,W43,102," $2,038.98 ", $369.06 ," $1,669.92 ",82%
ST035,SK14051,W47,152," $3,038.48 ", $549.96 ," $2,488.52 ",82%
ST035,SK14051,W49,191," $3,818.09 ", $691.07 ," $3,127.02 ",82%
ST035,SK14104,W04,135," $20,923.65 "," $16,592.45 "," $4,331.20 ",21%
ST035,SK14104,W05,125," $19,373.75 "," $15,363.38 "," $4,010.37 ",21%
ST035,SK14104,W06,138," $21,388.62 "," $16,961.18 "," $4,427.44 ",21%
ST035,SK14104,W08,162," $25,108.38 "," $19,910.95 "," $5,197.43 ",21%
ST035,SK14104,W10,32," $4,959.68 "," $3,933.03 "," $1,026.65 ",21%
ST035,SK14104,W11,87," $13,484.13 "," $10,692.92 "," $2,791.21 ",21%
ST035,SK14104,W13,30," $4,649.70 "," $3,687.21 ", $962.49 ,21%
ST035,SK14104,W22,58," $8,989.42 "," $7,128.61 "," $1,860.81 ",21%
ST035,SK14104,W31,130," $20,148.70 "," $15,977.92 "," $4,170.78 ",21%
ST035,SK14104,W32,100," $15,499.00 "," $12,290.71 "," $3,208.29 ",21%
ST035,SK14223,W05,112," $3,918.88 ", $462.43 ," $3,456.45 ",88%
ST035,SK14223,W06,57," $1,994.43 ", $235.34 ," $1,759.09 ",88%
ST035,SK14223,W19,63," $2,204.37 ", $260.12 ," $1,944.25 ",88%
ST035,SK14223,W25,61," $2,134.39 ", $251.86 ," $1,882.53 ",88%
ST035,SK14223,W29,168," $5,878.32 ", $693.64 ," $5,184.68 ",88%
ST035,SK14223,W34,70," $2,449.30 ", $289.02 ," $2,160.28 ",88%
ST035,SK14223,W35,33," $1,154.67 ", $136.25 ," $1,018.42 ",88%
ST035,SK14223,W40,141," $4,933.59 ", $582.16 ," $4,351.43 ",88%
ST035,SK14223,W43,77," $2,694.23 ", $317.92 ," $2,376.31 ",88%
ST035,SK14223,W44,60," $2,099.40 ", $247.73 ," $1,851.67 ",88%
ST035,SK14223,W47,14, $489.86 , $57.80 , $432.06 ,88%
ST035,SK14223,W52,170," $5,948.30 ", $701.90 ," $5,246.40 ",88%
ST035,SK14232,W01,49," $5,634.51 "," $2,434.11 "," $3,200.40 ",57%
ST035,SK14232,W08,195," $22,423.05 "," $9,686.76 "," $12,736.29 ",57%
ST035,SK14232,W14,180," $20,698.20 "," $8,941.62 "," $11,756.58 ",57%
ST035,SK14232,W17,112," $12,878.88 "," $5,563.68 "," $7,315.20 ",57%
ST035,SK14232,W18,89," $10,234.11 "," $4,421.14 "," $5,812.97 ",57%
ST035,SK14232,W29,86," $9,889.14 "," $4,272.11 "," $5,617.03 ",57%
ST035,SK14232,W39,19," $2,184.81 ", $943.84 ," $1,240.97 ",57%
ST035,SK14232,W40,74," $8,509.26 "," $3,676.00 "," $4,833.26 ",57%
ST035,SK14232,W51,92," $10,579.08 "," $4,570.16 "," $6,008.92 ",57%
ST035,SK14409,W35,45," $7,424.55 "," $2,836.18 "," $4,588.37 ",62%
ST035,SK14409,W38,37," $6,104.63 "," $2,331.97 "," $3,772.66 ",62%
ST035,SK14409,W42,2, $329.98 , $126.05 , $203.93 ,62%
ST035,SK14409,W43,21," $3,464.79 "," $1,323.55 "," $2,141.24 ",62%
ST035,SK14409,W50,163," $26,893.37 "," $10,273.27 "," $16,620.10 ",62%
ST035,SK14424,W03,181," $26,243.19 "," $3,122.94 "," $23,120.25 ",88%
ST035,SK14424,W13,183," $26,533.17 "," $3,157.45 "," $23,375.72 ",88%
ST035,SK14424,W19,166," $24,068.34 "," $2,864.13 "," $21,204.21 ",88%
ST035,SK14424,W31,192," $27,838.08 "," $3,312.73 "," $24,525.35 ",88%
ST035,SK14424,W33,26," $3,769.74 ", $448.60 ," $3,321.14 ",88%
ST035,SK14424,W40,196," $28,418.04 "," $3,381.75 "," $25,036.29 ",88%
ST035,SK14424,W41,122," $17,688.78 "," $2,104.96 "," $15,583.82 ",88%
ST035,SK14424,W46,6, $869.94 , $103.52 , $766.42 ,88%
ST035,SK14528,W08,194," $22,308.06 "," $8,053.21 "," $14,254.85 ",64%
ST035,SK14528,W10,174," $20,008.26 "," $7,222.98 "," $12,785.28 ",64%
ST035,SK14528,W12,64," $7,359.36 "," $2,656.73 "," $4,702.63 ",64%
ST035,SK14528,W18,147," $16,903.53 "," $6,102.17 "," $10,801.36 ",64%
ST035,SK14528,W30,100," $11,499.00 "," $4,151.14 "," $7,347.86 ",64%
ST035,SK14528,W35,89," $10,234.11 "," $3,694.51 "," $6,539.60 ",64%
ST035,SK14528,W48,143," $16,443.57 "," $5,936.13 "," $10,507.44 ",64%
ST035,SK14528,W52,149," $17,133.51 "," $6,185.20 "," $10,948.31 ",64%
ST035,SK14566,W08,4, $739.96 , $775.48 , $(35.52),-5%
ST035,SK14566,W20,15," $2,774.85 "," $2,908.04 ", $(133.19),-5%
ST035,SK14566,W23,24," $4,439.76 "," $4,652.87 ", $(213.11),-5%
ST035,SK14566,W29,104," $19,238.96 "," $20,162.43 ", $(923.47),-5%
ST035,SK14566,W34,168," $31,078.32 "," $32,570.08 "," $(1,491.76)",-5%
ST035,SK14566,W36,146," $27,008.54 "," $28,304.95 "," $(1,296.41)",-5%
ST035,SK14566,W39,25," $4,624.75 "," $4,846.74 ", $(221.99),-5%
ST035,SK14566,W43,102," $18,868.98 "," $19,774.69 ", $(905.71),-5%
ST035,SK14566,W47,59," $10,914.41 "," $11,438.30 ", $(523.89),-5%
ST035,SK14566,W50,75," $13,874.25 "," $14,540.21 ", $(665.96),-5%
ST035,SK14566,W51,168," $31,078.32 "," $32,570.08 "," $(1,491.76)",-5%
ST035,SK14651,W04,103," $16,478.97 "," $11,354.01 "," $5,124.96 ",31%
ST035,SK14651,W06,100," $15,999.00 "," $11,023.31 "," $4,975.69 ",31%
ST035,SK14651,W10,21," $3,359.79 "," $2,314.90 "," $1,044.89 ",31%
ST035,SK14651,W13,105," $16,798.95 "," $11,574.48 "," $5,224.47 ",31%
ST035,SK14651,W16,123," $19,678.77 "," $13,558.67 "," $6,120.10 ",31%
ST035,SK14651,W17,51," $8,159.49 "," $5,621.89 "," $2,537.60 ",31%
ST035,SK14651,W25,25," $3,999.75 "," $2,755.83 "," $1,243.92 ",31%
ST035,SK14651,W29,176," $28,158.24 "," $19,401.03 "," $8,757.21 ",31%
ST035,SK14651,W31,91," $14,559.09 "," $10,031.21 "," $4,527.88 ",31%
ST035,SK14651,W40,145," $23,198.55 "," $15,983.80 "," $7,214.75 ",31%
ST035,SK14651,W43,164," $26,238.36 "," $18,078.23 "," $8,160.13 ",31%
ST035,SK14651,W47,85," $13,599.15 "," $9,369.81 "," $4,229.34 ",31%
ST035,SK14651,W49,14," $2,239.86 "," $1,543.26 ", $696.60 ,31%
ST035,SK14807,W03,38," $3,419.62 ", $294.09 ," $3,125.53 ",91%
ST035,SK14807,W19,119," $10,708.81 ", $920.96 ," $9,787.85 ",91%
ST035,SK14807,W22,49," $4,409.51 ", $379.22 ," $4,030.29 ",91%
ST035,SK14807,W31,44," $3,959.56 ", $340.52 ," $3,619.04 ",91%
ST035,SK14807,W32,62," $5,579.38 ", $479.83 ," $5,099.55 ",91%
ST035,SK14807,W36,118," $10,618.82 ", $913.22 ," $9,705.60 ",91%
ST035,SK14940,W05,118," $11,798.82 "," $1,144.49 "," $10,654.33 ",90%
ST035,SK14940,W12,163," $16,298.37 "," $1,580.94 "," $14,717.43 ",90%
ST035,SK14940,W16,159," $15,898.41 "," $1,542.15 "," $14,356.26 ",90%
ST035,SK14940,W21,165," $16,498.35 "," $1,600.34 "," $14,898.01 ",90%
ST035,SK14940,W35,65," $6,499.35 ", $630.44 ," $5,868.91 ",90%
ST035,SK14940,W37,44," $4,399.56 ", $426.76 ," $3,972.80 ",90%
ST035,SK14940,W41,165," $16,498.35 "," $1,600.34 "," $14,898.01 ",90%
ST035,SK14940,W46,96," $9,599.04 ", $931.11 ," $8,667.93 ",90%
ST035,SK14940,W52,1, $99.99 , $9.70 , $90.29 ,90%
ST035,SK14945,W03,155," $11,623.45 "," $1,906.25 "," $9,717.20 ",84%
ST035,SK14945,W08,52," $3,899.48 ", $639.51 ," $3,259.97 ",84%
ST035,SK14945,W09,26," $1,949.74 ", $319.76 ," $1,629.98 ",84%
ST035,SK14945,W18,40," $2,999.60 ", $491.93 ," $2,507.67 ",84%
ST035,SK14945,W20,51," $3,824.49 ", $627.22 ," $3,197.27 ",84%
ST035,SK14945,W22,111," $8,323.89 "," $1,365.12 "," $6,958.77 ",84%
ST035,SK14945,W24,12, $899.88 , $147.58 , $752.30 ,84%
ST035,SK14945,W25,60," $4,499.40 ", $737.90 ," $3,761.50 ",84%
ST035,SK14945,W31,167," $12,523.33 "," $2,053.83 "," $10,469.50 ",84%
ST035,SK14945,W35,151," $11,323.49 "," $1,857.05 "," $9,466.44 ",84%
ST035,SK14945,W40,164," $12,298.36 "," $2,016.93 "," $10,281.43 ",84%
ST035,SK14945,W46,104," $7,798.96 "," $1,279.03 "," $6,519.93 ",84%
ST035,SK14945,W47,129," $9,673.71 "," $1,586.49 "," $8,087.22 ",84%
ST035,SK14974,W02,37," $6,844.63 ", $739.22 ," $6,105.41 ",89%
ST035,SK14974,W07,24," $4,439.76 ", $479.49 ," $3,960.27 ",89%
ST035,SK14974,W12,86," $15,909.14 "," $1,718.19 "," $14,190.95 ",89%
ST035,SK14974,W32,89," $16,464.11 "," $1,778.12 "," $14,685.99 ",89%
ST035,SK14974,W33,3, $554.97 , $59.94 , $495.03 ,89%
ST035,SK14974,W37,6," $1,109.94 ", $119.87 , $990.07 ,89%
ST035,SK14974,W43,13," $2,404.87 ", $259.73 ," $2,145.14 ",89%
ST035,SK14974,W46,157," $29,043.43 "," $3,136.69 "," $25,906.74 ",89%
ST035,SK14974,W52,108," $19,978.92 "," $2,157.72 "," $17,821.20 ",89%
ST035,SK15217,W03,129," $12,898.71 "," $11,157.38 "," $1,741.33 ",14%
ST035,SK15217,W04,118," $11,798.82 "," $10,205.98 "," $1,592.84 ",14%
ST035,SK15217,W13,180," $17,998.20 "," $15,568.44 "," $2,429.76 ",14%
ST035,SK15217,W15,97," $9,699.03 "," $8,389.66 "," $1,309.37 ",14%
ST035,SK15217,W21,7, $699.93 , $605.44 , $94.49 ,14%
ST035,SK15217,W23,87," $8,699.13 "," $7,524.75 "," $1,174.38 ",14%
ST035,SK15217,W28,182," $18,198.18 "," $15,741.43 "," $2,456.75 ",14%
ST035,SK15217,W43,187," $18,698.13 "," $16,173.88 "," $2,524.25 ",14%
ST035,SK15290,W02,21," $1,679.79 ", $959.16 , $720.63 ,43%
ST035,SK15290,W08,160," $12,798.40 "," $7,307.89 "," $5,490.51 ",43%
ST035,SK15290,W10,47," $3,759.53 "," $2,146.69 "," $1,612.84 ",43%
ST035,SK15290,W15,136," $10,878.64 "," $6,211.70 "," $4,666.94 ",43%
ST035,SK15290,W22,125," $9,998.75 "," $5,709.29 "," $4,289.46 ",43%
ST035,SK15290,W28,72," $5,759.28 "," $3,288.55 "," $2,470.73 ",43%
ST035,SK15290,W32,11, $879.89 , $502.42 , $377.47 ,43%
ST035,SK15290,W33,185," $14,798.15 "," $8,449.74 "," $6,348.41 ",43%
ST035,SK15290,W34,137," $10,958.63 "," $6,257.38 "," $4,701.25 ",43%
ST035,SK15290,W41,57," $4,559.43 "," $2,603.43 "," $1,956.00 ",43%
ST035,SK15290,W44,71," $5,679.29 "," $3,242.87 "," $2,436.42 ",43%
ST035,SK15290,W47,137," $10,958.63 "," $6,257.38 "," $4,701.25 ",43%
ST035,SK15290,W52,172," $13,758.28 "," $7,855.98 "," $5,902.30 ",43%
ST035,SK15291,W03,94," $10,809.06 "," $4,972.17 "," $5,836.89 ",54%
ST035,SK15291,W04,39," $4,484.61 "," $2,062.92 "," $2,421.69 ",54%
ST035,SK15291,W22,174," $20,008.26 "," $9,203.80 "," $10,804.46 ",54%
ST035,SK15291,W24,154," $17,708.46 "," $8,145.89 "," $9,562.57 ",54%
ST035,SK15291,W28,197," $22,653.03 "," $10,420.39 "," $12,232.64 ",54%
ST035,SK15291,W29,121," $13,913.79 "," $6,400.34 "," $7,513.45 ",54%
ST035,SK15291,W37,88," $10,119.12 "," $4,654.80 "," $5,464.32 ",54%
ST035,SK15291,W39,38," $4,369.62 "," $2,010.03 "," $2,359.59 ",54%
ST035,SK15291,W48,148," $17,018.52 "," $7,828.52 "," $9,190.00 ",54%
ST035,SK15526,W01,58," $11,599.42 "," $4,686.17 "," $6,913.25 ",60%
ST035,SK15526,W05,154," $30,798.46 "," $12,442.58 "," $18,355.88 ",60%
ST035,SK15526,W06,189," $37,798.11 "," $15,270.44 "," $22,527.67 ",60%
ST035,SK15526,W10,16," $3,199.84 "," $1,292.74 "," $1,907.10 ",60%
ST035,SK15526,W18,107," $21,398.93 "," $8,645.17 "," $12,753.76 ",60%
ST035,SK15526,W20,100," $19,999.00 "," $8,079.60 "," $11,919.40 ",60%
ST035,SK15526,W21,108," $21,598.92 "," $8,725.96 "," $12,872.96 ",60%
ST035,SK15526,W23,0, $-   , $-   , $-   ,0%
ST035,SK15526,W33,81," $16,199.19 "," $6,544.47 "," $9,654.72 ",60%
ST035,SK15526,W37,42," $8,399.58 "," $3,393.43 "," $5,006.15 ",60%
ST035,SK15526,W42,113," $22,598.87 "," $9,129.94 "," $13,468.93 ",60%
ST035,SK15526,W44,50," $9,999.50 "," $4,039.80 "," $5,959.70 ",60%
ST035,SK15526,W52,102," $20,398.98 "," $8,241.19 "," $12,157.79 ",60%
ST035,SK15631,W07,46," $7,589.54 "," $4,910.43 "," $2,679.11 ",35%
ST035,SK15631,W08,52," $8,579.48 "," $5,550.92 "," $3,028.56 ",35%
ST035,SK15631,W13,32," $5,279.68 "," $3,415.95 "," $1,863.73 ",35%
ST035,SK15631,W21,42," $6,929.58 "," $4,483.44 "," $2,446.14 ",35%
ST035,SK15631,W22,154," $25,408.46 "," $16,439.27 "," $8,969.19 ",35%
ST035,SK15631,W34,44," $7,259.56 "," $4,696.94 "," $2,562.62 ",35%
ST035,SK15631,W36,105," $17,323.95 "," $11,208.60 "," $6,115.35 ",35%
ST035,SK15631,W38,133," $21,943.67 "," $14,197.55 "," $7,746.12 ",35%
ST035,SK15631,W45,196," $32,338.04 "," $20,922.71 "," $11,415.33 ",35%
ST035,SK15631,W49,13," $2,144.87 "," $1,387.73 ", $757.14 ,35%
ST035,SK15722,W16,141," $14,098.59 "," $12,942.51 "," $1,156.08 ",8%
ST035,SK15722,W23,174," $17,398.26 "," $15,971.60 "," $1,426.66 ",8%
ST035,SK15722,W26,161," $16,098.39 "," $14,778.32 "," $1,320.07 ",8%
ST035,SK15722,W45,40," $3,999.60 "," $3,671.63 ", $327.97 ,8%
ST035,SK15722,W50,64," $6,399.36 "," $5,874.61 ", $524.75 ,8%
ST035,SK15739,W03,31," $2,014.69 "," $2,149.67 ", $(134.98),-7%
ST035,SK15739,W06,82," $5,329.18 "," $5,686.24 ", $(357.06),-7%
ST035,SK15739,W11,162," $10,528.38 "," $11,233.78 ", $(705.40),-7%
ST035,SK15739,W20,131," $8,513.69 "," $9,084.11 ", $(570.42),-7%
ST035,SK15739,W22,61," $3,964.39 "," $4,230.00 ", $(265.61),-7%
ST035,SK15739,W29,48," $3,119.52 "," $3,328.53 ", $(209.01),-7%
ST035,SK15739,W36,131," $8,513.69 "," $9,084.11 ", $(570.42),-7%
ST035,SK15739,W43,58," $3,769.42 "," $4,021.97 ", $(252.55),-7%
ST035,SK15739,W44,113," $7,343.87 "," $7,835.91 ", $(492.04),-7%
ST035,SK15761,W05,113," $8,473.87 "," $8,075.60 ", $398.27 ,5%
ST035,SK15761,W07,81," $6,074.19 "," $5,788.70 ", $285.49 ,5%
ST035,SK15761,W16,161," $12,073.39 "," $11,505.94 ", $567.45 ,5%
ST035,SK15761,W20,115," $8,623.85 "," $8,218.53 ", $405.32 ,5%
ST035,SK15761,W25,176," $13,198.24 "," $12,577.92 ", $620.32 ,5%
ST035,SK15761,W30,78," $5,849.22 "," $5,574.31 ", $274.91 ,5%
ST035,SK15761,W47,97," $7,274.03 "," $6,932.15 ", $341.88 ,5%
ST035,SK15761,W49,77," $5,774.23 "," $5,502.84 ", $271.39 ,5%
ST035,SK15761,W51,143," $10,723.57 "," $10,219.56 ", $504.01 ,5%
ST035,SK16210,W04,125," $14,998.75 "," $14,728.77 ", $269.98 ,2%
ST035,SK16210,W11,83," $9,959.17 "," $9,779.90 ", $179.27 ,2%
ST035,SK16210,W15,29," $3,479.71 "," $3,417.08 ", $62.63 ,2%
ST035,SK16210,W16,54," $6,479.46 "," $6,362.83 ", $116.63 ,2%
ST035,SK16210,W18,27," $3,239.73 "," $3,181.41 ", $58.32 ,2%
ST035,SK16210,W19,138," $16,558.62 "," $16,260.56 ", $298.06 ,2%
ST035,SK16210,W24,193," $23,158.07 "," $22,741.22 ", $416.85 ,2%
ST035,SK16210,W29,45," $5,399.55 "," $5,302.36 ", $97.19 ,2%
ST035,SK16210,W51,46," $5,519.54 "," $5,420.19 ", $99.35 ,2%
ST035,SK16364,W06,137," $8,903.63 "," $6,793.47 "," $2,110.16 ",24%
ST035,SK16364,W13,56," $3,639.44 "," $2,776.89 ", $862.55 ,24%
ST035,SK16364,W20,104," $6,758.96 "," $5,157.09 "," $1,601.87 ",24%
ST035,SK16364,W21,98," $6,369.02 "," $4,859.56 "," $1,509.46 ",24%
ST035,SK16364,W25,142," $9,228.58 "," $7,041.41 "," $2,187.17 ",24%
ST035,SK16364,W36,186," $12,088.14 "," $9,223.25 "," $2,864.89 ",24%
ST035,SK16364,W37,123," $7,993.77 "," $6,099.25 "," $1,894.52 ",24%
ST035,SK16364,W43,40," $2,599.60 "," $1,983.49 ", $616.11 ,24%
ST035,SK16364,W46,143," $9,293.57 "," $7,090.99 "," $2,202.58 ",24%
ST035,SK16364,W47,73," $4,744.27 "," $3,619.88 "," $1,124.39 ",24%
ST035,SK16364,W48,87," $5,654.13 "," $4,314.10 "," $1,340.03 ",24%
ST035,SK16370,W08,138," $26,218.62 "," $3,959.01 "," $22,259.61 ",85%
ST035,SK16370,W11,143," $27,168.57 "," $4,102.45 "," $23,066.12 ",85%
ST035,SK16370,W16,114," $21,658.86 "," $3,270.49 "," $18,388.37 ",85%
ST035,SK16370,W22,61," $11,589.39 "," $1,750.00 "," $9,839.39 ",85%
ST035,SK16370,W27,11," $2,089.89 ", $315.57 ," $1,774.32 ",85%
ST035,SK16370,W28,101," $19,188.99 "," $2,897.54 "," $16,291.45 ",85%
ST035,SK16370,W30,109," $20,708.91 "," $3,127.05 "," $17,581.86 ",85%
ST035,SK16370,W38,91," $17,289.09 "," $2,610.65 "," $14,678.44 ",85%
ST035,SK16370,W48,166," $31,538.34 "," $4,762.29 "," $26,776.05 ",85%
ST035,SK16370,W51,8," $1,519.92 ", $229.51 ," $1,290.41 ",85%
ST035,SK16474,W05,112," $4,478.88 "," $2,355.89 "," $2,122.99 ",47%
ST035,SK16474,W06,105," $4,198.95 "," $2,208.65 "," $1,990.30 ",47%
ST035,SK16474,W15,50," $1,999.50 "," $1,051.74 ", $947.76 ,47%
ST035,SK16474,W17,72," $2,879.28 "," $1,514.50 "," $1,364.78 ",47%
ST035,SK16474,W19,114," $4,558.86 "," $2,397.96 "," $2,160.90 ",47%
ST035,SK16474,W21,179," $7,158.21 "," $3,765.22 "," $3,392.99 ",47%
ST035,SK16474,W23,140," $5,598.60 "," $2,944.86 "," $2,653.74 ",47%
ST035,SK16474,W24,30," $1,199.70 ", $631.04 , $568.66 ,47%
ST035,SK16474,W32,63," $2,519.37 "," $1,325.19 "," $1,194.18 ",47%
ST035,SK16474,W41,73," $2,919.27 "," $1,535.54 "," $1,383.73 ",47%
ST035,SK16474,W42,64," $2,559.36 "," $1,346.22 "," $1,213.14 ",47%
ST035,SK16474,W43,104," $4,158.96 "," $2,187.61 "," $1,971.35 ",47%
ST035,SK16474,W46,108," $4,318.92 "," $2,271.75 "," $2,047.17 ",47%
ST035,SK16474,W47,27," $1,079.73 ", $567.94 , $511.79 ,47%
ST035,SK16474,W48,133," $5,318.67 "," $2,797.62 "," $2,521.05 ",47%
ST035,SK16474,W52,17, $679.83 , $357.59 , $322.24 ,47%
ST035,SK16642,W05,187," $25,243.13 "," $3,887.44 "," $21,355.69 ",85%
ST035,SK16642,W22,20," $2,699.80 ", $415.77 ," $2,284.03 ",85%
ST035,SK16642,W37,156," $21,058.44 "," $3,243.00 "," $17,815.44 ",85%
ST035,SK16642,W38,94," $12,689.06 "," $1,954.12 "," $10,734.94 ",85%
ST035,SK16642,W42,199," $26,863.01 "," $4,136.90 "," $22,726.11 ",85%
ST035,SK16722,W12,33," $5,114.67 "," $3,703.02 "," $1,411.65 ",28%
ST035,SK16722,W14,103," $15,963.97 "," $11,557.91 "," $4,406.06 ",28%
ST035,SK16722,W16,193," $29,913.07 "," $21,657.06 "," $8,256.01 ",28%
ST035,SK16722,W30,110," $17,048.90 "," $12,343.40 "," $4,705.50 ",28%
ST035,SK16722,W37,174," $26,968.26 "," $19,525.02 "," $7,443.24 ",28%
ST035,SK16722,W39,70," $10,849.30 "," $7,854.89 "," $2,994.41 ",28%
ST035,SK16722,W43,6, $929.94 , $673.28 , $256.66 ,28%
ST035,SK16722,W44,191," $29,603.09 "," $21,432.64 "," $8,170.45 ",28%
ST035,SK16722,W46,121," $18,753.79 "," $13,577.74 "," $5,176.05 ",28%
ST035,SK16722,W52,23," $3,564.77 "," $2,580.89 ", $983.88 ,28%
ST035,SK16745,W08,127," $3,173.73 "," $2,830.97 ", $342.76 ,11%
ST035,SK16745,W09,150," $3,748.50 "," $3,343.66 ", $404.84 ,11%
ST035,SK16745,W16,2, $49.98 , $44.58 , $5.40 ,11%
ST035,SK16745,W20,171," $4,273.29 "," $3,811.77 ", $461.52 ,11%
ST035,SK16745,W25,196," $4,898.04 "," $4,369.05 ", $528.99 ,11%
ST035,SK16745,W28,180," $4,498.20 "," $4,012.39 ", $485.81 ,11%
ST035,SK16745,W33,143," $3,573.57 "," $3,187.62 ", $385.95 ,11%
ST035,SK16745,W38,32, $799.68 , $713.31 , $86.37 ,11%
ST035,SK16745,W40,192," $4,798.08 "," $4,279.89 ", $518.19 ,11%
ST035,SK16745,W46,15, $374.85 , $334.37 , $40.48 ,11%
ST035,SK16750,W01,33," $2,144.67 "," $1,419.77 ", $724.90 ,34%
ST035,SK16750,W06,37," $2,404.63 "," $1,591.87 ", $812.76 ,34%
ST035,SK16750,W10,7, $454.93 , $301.16 , $153.77 ,34%
ST035,SK16750,W11,58," $3,769.42 "," $2,495.36 "," $1,274.06 ",34%
ST035,SK16750,W14,151," $9,813.49 "," $6,496.53 "," $3,316.96 ",34%
ST035,SK16750,W22,126," $8,188.74 "," $5,420.95 "," $2,767.79 ",34%
ST035,SK16750,W25,49," $3,184.51 "," $2,108.15 "," $1,076.36 ",34%
ST035,SK16750,W32,59," $3,834.41 "," $2,538.38 "," $1,296.03 ",34%
ST035,SK16750,W35,34," $2,209.66 "," $1,462.79 ", $746.87 ,34%
ST035,SK16750,W40,53," $3,444.47 "," $2,280.24 "," $1,164.23 ",34%
ST035,SK16750,W48,104," $6,758.96 "," $4,474.43 "," $2,284.53 ",34%
ST035,SK16871,W05,181," $1,808.19 ", $144.66 ," $1,663.53 ",92%
ST035,SK16871,W06,29, $289.71 , $23.18 , $266.53 ,92%
ST035,SK16871,W19,113," $1,128.87 ", $90.31 ," $1,038.56 ",92%
ST035,SK16871,W25,5, $49.95 , $4.00 , $45.95 ,92%
ST035,SK16871,W31,62, $619.38 , $49.55 , $569.83 ,92%
ST035,SK16871,W47,135," $1,348.65 ", $107.89 ," $1,240.76 ",92%
ST035,SK16871,W52,153," $1,528.47 ", $122.28 ," $1,406.19 ",92%
ST035,SK17623,W06,145," $19,573.55 "," $6,968.18 "," $12,605.37 ",64%
ST035,SK17623,W07,145," $19,573.55 "," $6,968.18 "," $12,605.37 ",64%
ST035,SK17623,W08,4, $539.96 , $192.23 , $347.73 ,64%
ST035,SK17623,W10,166," $22,408.34 "," $7,977.37 "," $14,430.97 ",64%
ST035,SK17623,W23,149," $20,113.51 "," $7,160.41 "," $12,953.10 ",64%
ST035,SK17623,W28,112," $15,118.88 "," $5,382.32 "," $9,736.56 ",64%
ST035,SK17623,W38,22," $2,969.78 "," $1,057.24 "," $1,912.54 ",64%
ST035,SK17623,W43,78," $10,529.22 "," $3,748.40 "," $6,780.82 ",64%
ST035,SK17623,W45,129," $17,413.71 "," $6,199.28 "," $11,214.43 ",64%
ST035,SK17623,W47,6, $809.94 , $288.34 , $521.60 ,64%
ST035,SK17623,W50,29," $3,914.71 "," $1,393.64 "," $2,521.07 ",64%
ST035,SK17867,W24,13, $129.87 , $102.08 , $27.79 ,21%
ST035,SK17867,W28,27, $269.73 , $212.01 , $57.72 ,21%
ST035,SK17867,W32,157," $1,568.43 "," $1,232.79 ", $335.64 ,21%
ST035,SK17867,W34,108," $1,078.92 ", $848.03 , $230.89 ,21%
ST035,SK17867,W47,66, $659.34 , $518.24 , $141.10 ,21%
ST035,SK18018,W07,72," $4,319.28 "," $1,252.59 "," $3,066.69 ",71%
ST035,SK18018,W11,113," $6,778.87 "," $1,965.87 "," $4,813.00 ",71%
ST035,SK18018,W17,168," $10,078.32 "," $2,922.71 "," $7,155.61 ",71%
ST035,SK18018,W21,12, $719.88 , $208.77 , $511.11 ,71%
ST035,SK18018,W22,3, $179.97 , $52.19 , $127.78 ,71%
ST035,SK18018,W23,6, $359.94 , $104.38 , $255.56 ,71%
ST035,SK18018,W28,129," $7,738.71 "," $2,244.23 "," $5,494.48 ",71%
ST035,SK18018,W35,22," $1,319.78 ", $382.74 , $937.04 ,71%
ST035,SK18018,W48,50," $2,999.50 ", $869.86 ," $2,129.65 ",71%
ST035,SK18018,W51,65," $3,899.35 "," $1,130.81 "," $2,768.54 ",71%
ST035,SK18148,W01,34," $3,909.66 "," $4,101.23 ", $(191.57),-5%
ST035,SK18148,W02,104," $11,958.96 "," $12,544.95 ", $(585.99),-5%
ST035,SK18148,W03,132," $15,178.68 "," $15,922.44 ", $(743.76),-5%
ST035,SK18148,W19,112," $12,878.88 "," $13,509.95 ", $(631.07),-5%
ST035,SK18148,W34,168," $19,318.32 "," $20,264.92 ", $(946.60),-5%
ST035,SK18148,W37,88," $10,119.12 "," $10,614.96 ", $(495.84),-5%
ST035,SK18148,W39,180," $20,698.20 "," $21,712.41 "," $(1,014.21)",-5%
ST035,SK18148,W45,135," $15,523.65 "," $16,284.31 ", $(760.66),-5%
ST035,SK18148,W49,98," $11,269.02 "," $11,821.20 ", $(552.18),-5%
ST035,SK18224,W04,52," $7,019.48 "," $5,545.39 "," $1,474.09 ",21%
ST035,SK18224,W22,194," $26,188.06 "," $20,688.57 "," $5,499.49 ",21%
ST035,SK18224,W26,195," $26,323.05 "," $20,795.21 "," $5,527.84 ",21%
ST035,SK18224,W31,182," $24,568.18 "," $19,408.86 "," $5,159.32 ",21%
ST035,SK18224,W38,140," $18,898.60 "," $14,929.89 "," $3,968.71 ",21%
ST035,SK18224,W46,61," $8,234.39 "," $6,505.17 "," $1,729.22 ",21%
ST035,SK18224,W51,68," $9,179.32 "," $7,251.66 "," $1,927.66 ",21%
ST035,SK18623,W06,196," $6,858.04 "," $6,542.57 ", $315.47 ,5%
ST035,SK18623,W07,161," $5,633.39 "," $5,374.25 ", $259.14 ,5%
ST035,SK18623,W10,192," $6,718.08 "," $6,409.05 ", $309.03 ,5%
ST035,SK18623,W18,20, $699.80 , $667.61 , $32.19 ,5%
ST035,SK18623,W21,116," $4,058.84 "," $3,872.13 ", $186.71 ,5%
ST035,SK18623,W23,65," $2,274.35 "," $2,169.73 ", $104.62 ,5%
ST035,SK18623,W31,79," $2,764.21 "," $2,637.06 ", $127.15 ,5%
ST035,SK18623,W35,188," $6,578.12 "," $6,275.53 ", $302.59 ,5%
ST035,SK18623,W36,31," $1,084.69 "," $1,034.79 ", $49.90 ,5%
ST035,SK18623,W51,92," $3,219.08 "," $3,071.00 ", $148.08 ,5%
ST035,SK18623,W52,61," $2,134.39 "," $2,036.21 ", $98.18 ,5%
ST035,SK18665,W03,100," $5,499.00 "," $2,095.12 "," $3,403.88 ",62%
ST035,SK18665,W07,40," $2,199.60 ", $838.05 ," $1,361.55 ",62%
ST035,SK18665,W10,151," $8,303.49 "," $3,163.63 "," $5,139.86 ",62%
ST035,SK18665,W15,79," $4,344.21 "," $1,655.14 "," $2,689.07 ",62%
ST035,SK18665,W22,38," $2,089.62 ", $796.15 ," $1,293.47 ",62%
ST035,SK18665,W23,194," $10,668.06 "," $4,064.53 "," $6,603.53 ",62%
ST035,SK18665,W36,28," $1,539.72 ", $586.63 , $953.09 ,62%
ST035,SK18665,W40,186," $10,228.14 "," $3,896.92 "," $6,331.22 ",62%
ST035,SK18665,W44,156," $8,578.44 "," $3,268.39 "," $5,310.05 ",62%
ST035,SK18665,W45,76," $4,179.24 "," $1,592.29 "," $2,586.95 ",62%
ST035,SK18665,W49,36," $1,979.64 ", $754.24 ," $1,225.40 ",62%
ST035,SK18753,W09,131," $3,928.69 "," $2,710.80 "," $1,217.89 ",31%
ST035,SK18753,W17,174," $5,218.26 "," $3,600.60 "," $1,617.66 ",31%
ST035,SK18753,W39,85," $2,549.15 "," $1,758.91 ", $790.24 ,31%
ST035,SK18753,W42,71," $2,129.29 "," $1,469.21 ", $660.08 ,31%
ST035,SK18791,W05,183," $14,638.17 "," $15,106.59 ", $(468.42),-3%
ST035,SK18791,W10,141," $11,278.59 "," $11,639.50 ", $(360.91),-3%
ST035,SK19521,W04,49, $734.51 , $318.04 , $416.47 ,57%
ST035,SK19521,W09,61, $914.39 , $395.93 , $518.46 ,57%
ST035,SK19521,W13,82," $1,229.18 ", $532.23 , $696.95 ,57%
ST035,SK19521,W15,53, $794.47 , $344.01 , $450.46 ,57%
ST035,SK19521,W16,50, $749.50 , $324.53 , $424.97 ,57%
ST035,SK19521,W29,74," $1,109.26 ", $480.31 , $628.95 ,57%
ST035,SK19521,W40,14, $209.86 , $90.87 , $118.99 ,57%
ST035,SK19521,W45,77," $1,154.23 ", $499.78 , $654.45 ,57%
ST035,SK19547,W01,46," $4,829.54 ", $507.10 ," $4,322.44 ",90%
ST035,SK19547,W02,60," $6,299.40 ", $661.44 ," $5,637.96 ",90%
ST035,SK19547,W06,117," $12,283.83 "," $1,289.80 "," $10,994.03 ",90%
ST035,SK19547,W07,180," $18,898.20 "," $1,984.31 "," $16,913.89 ",90%
ST035,SK19547,W28,169," $17,743.31 "," $1,863.05 "," $15,880.26 ",90%
ST035,SK19547,W37,193," $20,263.07 "," $2,127.62 "," $18,135.45 ",90%
ST035,SK19547,W41,107," $11,233.93 "," $1,179.56 "," $10,054.37 ",90%
ST035,SK19857,W03,157," $13,343.43 "," $5,590.90 "," $7,752.53 ",58%
ST035,SK19857,W06,75," $6,374.25 "," $2,670.81 "," $3,703.44 ",58%
ST035,SK19857,W24,170," $14,448.30 "," $6,053.84 "," $8,394.46 ",58%
ST035,SK19857,W29,75," $6,374.25 "," $2,670.81 "," $3,703.44 ",58%
ST035,SK19857,W31,83," $7,054.17 "," $2,955.70 "," $4,098.47 ",58%
ST035,SK19857,W48,168," $14,278.32 "," $5,982.62 "," $8,295.70 ",58%
,,,,,,,
,,,,,,,
,,,,,,,
,,,,,,,
,,,,,,,
,,,,,,,
,,,,,,,
,,,,,,,
,,,,,,,
,,,,,,,
,,,,,,,
,,,,,,,
,,,,,,,
,,,,,,,
,,,,,,,
,,,,,,,
,,,,,,,
,,,,,,,
,,,,,,,
,,,,,,,
,,,,,,,
,,,,,,,
,,,,,,,
,,,,,,,
,,,,,,,
,,,,,,,
,,,,,,,
,,,,,,,
,,,,,,,
,,,,,,,
,,,,,,,
,,,,,,,
,,,,,,,
,,,,,,,
,,,,,,,
,,,,,,,
,,,,,,,
,,,,,,,
,,,,,,,
,,,,,,,
,,,,,,,
,,,,,,,
,,,,,,,
,,,,,,,
,,,,,,,
,,,,,,,
,,,,,,,
,,,,,,,
,,,,,,,
,,,,,,,
,,,,,,,
,,,,,,,
,,,,,,,
,,,,,,,
,,,,,,,
,,,,,,,
,,,,,,,
,,,,,,,
,,,,,,,
,,,,,,,
,,,,,,,
,,,,,,,
,,,,,,,
,,,,,,,
,,,,,,,
,,,,,,,
,,,,,,,
,,,,,,,
,,,,,,,
,,,,,,,
,,,,,,,
,,,,,,,
,,,,,,,
,,,,,,,
,,,,,,,
,,,,,,,
,,,,,,,
,,,,,,,
,,,,,,,
